current_queue_length,average_consultation_minutes,time_of_day,day_of_week,emergency_patients_ahead,actual_wait_minutes
6,15.6,13:01,Monday,0,157.8
3,6.1,14:25,Monday,1,39.7
6,10.7,12:00,Thursday,0,79.4
8,13.2,14:56,Tuesday,0,138.8
1,15.2,11:25,Tuesday,2,47.0
6,14.3,14:13,Thursday,0,107.3
2,14.0,15:39,Wednesday,0,35.2
7,15.2,17:33,Friday,0,115.9
3,13.4,14:23,Wednesday,1,53.3
0,5.6,11:30,Tuesday,0,4.7
6,16.3,15:12,Friday,0,128.4
4,9.5,16:02,Sunday,1,55.9
4,12.9,12:08,Saturday,0,60.3
4,12.5,11:37,Tuesday,0,74.8
1,12.1,09:31,Thursday,0,17.2
7,8.7,14:46,Tuesday,0,71.0
1,6.2,12:26,Monday,1,16.2
4,9.0,09:19,Tuesday,1,49.9
5,14.5,13:36,Saturday,1,79.3
1,7.7,17:53,Sunday,1,18.4
8,9.4,08:30,Friday,1,96.2
3,13.3,13:09,Sunday,0,42.5
5,8.9,17:21,Wednesday,1,47.5
4,10.4,17:35,Monday,0,56.5
1,12.2,11:25,Sunday,0,10.7
3,12.8,09:42,Saturday,0,44.6
5,8.9,12:12,Friday,1,63.8
2,12.4,11:11,Monday,0,39.5
3,13.2,12:49,Sunday,0,45.2
5,8.2,13:57,Monday,0,55.4
1,12.6,15:40,Monday,0,21.2
4,9.9,14:20,Monday,1,77.9
5,12.4,16:55,Sunday,0,59.3
2,14.2,15:21,Saturday,0,24.3
6,11.5,13:11,Monday,0,107.2
4,14.7,09:11,Wednesday,0,66.1
10,14.4,16:02,Thursday,0,166.3
3,14.7,15:08,Thursday,0,53.2
3,13.2,11:21,Tuesday,1,67.2
4,15.3,10:19,Monday,1,92.8
4,13.2,14:34,Monday,0,61.7
3,7.0,08:50,Sunday,0,13.0
6,9.6,15:52,Friday,0,72.8
1,11.4,10:16,Sunday,1,12.9
6,11.7,13:56,Sunday,0,77.4
2,13.1,11:02,Tuesday,0,35.0
2,9.6,12:46,Monday,0,26.6
7,18.0,16:00,Friday,0,172.0
3,11.7,10:52,Tuesday,0,42.6
6,12.0,08:19,Friday,0,85.6
4,10.0,08:46,Sunday,0,23.2
3,9.0,08:44,Sunday,0,14.5
4,11.6,12:35,Tuesday,0,59.3
3,12.1,08:49,Thursday,0,42.0
1,11.7,12:07,Friday,0,18.1
1,17.0,14:58,Tuesday,1,41.9
3,11.6,16:47,Thursday,0,40.1
4,11.7,10:12,Wednesday,0,60.1
2,14.4,16:46,Friday,0,33.2
2,11.5,17:46,Friday,0,27.8
3,13.6,14:15,Sunday,0,33.2
2,8.2,15:22,Thursday,0,14.3
8,8.2,12:49,Wednesday,2,95.7
5,12.4,08:44,Monday,0,84.8
3,11.3,17:35,Friday,1,46.3
3,9.6,17:27,Saturday,1,39.0
6,12.4,11:13,Wednesday,1,91.4
7,12.6,09:57,Sunday,0,73.6
4,9.9,08:39,Thursday,0,44.4
3,10.4,12:58,Thursday,0,36.0
8,12.6,17:14,Monday,0,119.5
4,8.9,08:24,Thursday,0,24.5
6,10.2,14:06,Friday,0,86.9
1,13.6,16:21,Thursday,4,75.9
7,11.9,11:47,Thursday,1,103.9
2,10.6,14:07,Thursday,0,31.9
4,9.3,12:26,Friday,1,55.3
8,9.0,08:39,Monday,0,84.1
5,11.6,13:02,Thursday,0,64.2
5,18.1,08:53,Thursday,0,114.2
6,13.7,14:50,Wednesday,0,116.8
4,8.0,11:06,Thursday,1,56.2
2,14.1,16:01,Friday,0,39.7
4,9.7,13:52,Sunday,0,35.1
1,12.0,17:21,Tuesday,0,18.7
3,10.2,15:22,Monday,0,40.9
6,18.1,15:14,Wednesday,0,103.8
1,8.6,11:02,Wednesday,0,9.1
5,12.9,12:25,Monday,1,115.0
5,9.9,15:27,Thursday,2,75.3
2,14.2,15:13,Thursday,1,51.7
3,12.9,14:55,Saturday,0,42.6
6,15.8,08:04,Friday,0,111.6
6,14.2,08:10,Thursday,0,99.1
3,9.9,08:40,Friday,0,33.2
2,20.7,08:18,Wednesday,0,40.0
5,13.7,15:43,Tuesday,1,82.2
2,10.3,13:28,Thursday,0,25.5
4,12.6,13:02,Thursday,0,59.0
6,13.9,08:51,Wednesday,0,89.9
7,13.8,15:44,Sunday,0,59.9
4,13.5,08:55,Thursday,1,58.8
2,14.9,10:13,Thursday,1,55.4
2,14.6,16:11,Friday,0,27.9
2,9.5,14:55,Wednesday,0,22.2
5,18.3,08:55,Thursday,0,89.3
7,17.9,08:44,Sunday,0,92.6
1,14.4,12:03,Friday,0,19.0
2,12.1,14:02,Saturday,0,25.6
6,12.2,10:28,Monday,0,104.6
2,11.0,13:51,Saturday,0,19.6
4,11.4,11:35,Friday,1,65.8
2,5.4,13:53,Sunday,0,14.2
4,16.6,15:15,Sunday,0,60.9
6,15.5,16:25,Monday,0,126.2
6,7.0,09:57,Thursday,1,52.4
7,14.7,08:51,Sunday,0,97.1
4,12.0,09:11,Saturday,0,27.4
1,11.4,09:39,Monday,0,18.3
4,13.5,11:14,Thursday,0,61.6
8,6.8,08:17,Wednesday,0,48.0
6,12.0,16:19,Friday,1,86.5
7,12.2,16:29,Thursday,0,93.2
2,12.2,15:07,Wednesday,0,28.8
5,7.9,11:33,Wednesday,0,49.1
4,13.3,15:04,Sunday,0,41.6
1,15.2,13:44,Wednesday,1,41.7
7,13.2,14:37,Tuesday,0,110.9
3,11.3,08:52,Monday,2,66.5
2,20.1,16:44,Tuesday,1,68.4
5,9.2,11:29,Monday,1,83.2
4,14.3,10:41,Monday,0,77.8
2,12.7,11:54,Thursday,1,44.0
6,18.0,10:28,Thursday,1,142.3
7,13.2,17:56,Saturday,0,100.2
2,13.8,14:27,Friday,0,39.8
0,13.5,16:57,Tuesday,0,1.1
6,8.8,17:30,Friday,0,61.3
4,9.4,13:48,Thursday,0,59.7
5,11.2,16:00,Tuesday,0,71.4
3,14.9,17:03,Friday,0,52.8
10,12.7,09:30,Friday,0,146.4
5,11.4,10:41,Wednesday,0,70.5
2,16.1,12:00,Tuesday,0,27.1
1,6.1,14:13,Monday,1,20.2
2,8.1,15:40,Saturday,0,12.3
1,5.0,11:27,Tuesday,0,4.2
2,15.6,16:25,Tuesday,0,30.5
3,11.7,14:32,Friday,0,41.1
1,14.9,11:43,Wednesday,0,17.3
2,11.7,14:48,Saturday,2,54.2
6,15.1,16:31,Wednesday,0,119.3
4,11.6,11:21,Sunday,0,58.7
2,13.2,11:52,Wednesday,0,33.0
3,12.8,14:55,Monday,0,51.9
2,13.0,12:17,Saturday,0,30.5
1,17.1,09:46,Friday,0,17.9
2,7.1,16:32,Sunday,1,16.1
3,11.8,10:00,Monday,0,44.9
5,12.6,10:27,Thursday,0,73.7
8,12.1,16:40,Friday,1,94.4
3,10.8,14:25,Wednesday,2,74.8
1,10.4,12:18,Tuesday,0,14.3
1,16.6,11:49,Wednesday,0,22.8
6,11.8,09:49,Monday,0,76.3
2,19.3,08:40,Friday,0,40.3
2,13.6,17:05,Saturday,1,33.7
0,11.1,08:26,Thursday,0,0.0
7,13.7,08:37,Monday,0,118.9
2,12.3,15:31,Saturday,0,27.9
2,16.0,16:56,Sunday,0,28.8
5,8.5,15:05,Friday,0,48.6
7,6.6,10:25,Monday,1,88.5
0,13.1,10:42,Wednesday,0,0.0
3,14.5,17:36,Thursday,0,40.9
5,12.9,15:00,Sunday,0,43.5
4,14.0,16:16,Thursday,2,96.8
8,13.6,12:27,Monday,0,166.9
4,7.6,15:45,Friday,1,39.7
1,12.8,17:48,Friday,0,16.3
6,16.0,11:34,Tuesday,1,144.8
5,12.5,11:12,Wednesday,0,59.0
3,8.1,08:25,Monday,0,32.3
4,11.0,15:22,Monday,0,58.1
4,13.7,10:24,Wednesday,1,68.6
3,17.4,10:32,Monday,0,78.2
4,6.1,14:19,Tuesday,0,35.0
8,13.1,15:23,Friday,1,125.9
3,9.2,12:04,Wednesday,0,35.4
4,13.5,17:26,Tuesday,0,63.2
4,13.8,09:37,Friday,0,64.9
4,11.3,13:16,Saturday,0,44.5
3,13.9,14:10,Friday,0,53.0
3,15.4,14:10,Wednesday,0,63.5
6,11.5,14:34,Saturday,0,75.7
2,8.0,14:20,Wednesday,0,13.8
8,16.3,15:55,Monday,0,131.2
4,14.5,16:08,Friday,1,66.9
3,13.7,17:46,Saturday,0,29.0
4,9.9,17:23,Tuesday,0,40.8
6,15.0,13:11,Wednesday,0,106.0
3,18.1,15:03,Monday,0,74.4
7,11.6,12:01,Thursday,0,100.4
1,12.3,14:30,Thursday,0,14.8
2,8.8,08:04,Tuesday,0,23.1
2,9.8,11:40,Thursday,0,19.1
6,8.8,17:08,Friday,0,63.2
4,12.4,14:45,Thursday,0,62.5
3,11.0,08:10,Saturday,1,31.6
8,13.1,13:13,Thursday,0,139.5
7,9.3,11:39,Wednesday,0,83.7
3,11.5,16:05,Friday,1,55.1
3,9.1,09:08,Tuesday,1,29.3
4,12.6,14:02,Saturday,0,60.0
3,7.1,15:07,Friday,0,27.5
5,12.5,13:57,Wednesday,0,80.8
6,11.2,10:44,Tuesday,0,49.5
1,12.5,15:55,Saturday,1,22.6
7,7.0,15:56,Monday,0,54.9
6,14.0,11:36,Monday,0,134.2
7,11.1,10:40,Friday,0,83.8
3,12.7,14:38,Thursday,1,72.7
4,6.4,11:40,Tuesday,0,36.6
5,8.3,11:27,Wednesday,0,51.8
3,10.8,12:30,Saturday,1,53.3
4,16.1,12:34,Thursday,0,71.3
4,13.6,16:17,Thursday,1,69.4
2,12.4,17:31,Monday,0,34.2
8,9.2,15:08,Saturday,1,72.6
5,8.7,08:52,Monday,0,46.1
6,12.8,11:22,Tuesday,0,94.6
6,14.1,09:53,Wednesday,0,85.8
2,12.6,14:37,Thursday,0,37.8
1,17.1,13:58,Tuesday,0,24.6
2,10.0,17:49,Saturday,0,16.4
3,12.5,12:28,Wednesday,1,55.0
5,6.9,09:03,Monday,0,45.7
6,12.6,13:59,Thursday,0,107.3
3,16.4,11:40,Monday,1,95.4
1,8.9,09:46,Tuesday,2,28.1
4,14.5,11:42,Friday,1,78.0
6,16.3,10:22,Friday,1,134.0
4,9.9,09:58,Friday,0,49.9
3,13.4,12:50,Wednesday,0,47.4
2,16.7,16:06,Saturday,1,56.5
5,12.7,16:51,Monday,2,120.4
4,14.4,10:36,Wednesday,0,69.9
1,6.7,12:29,Tuesday,0,10.3
5,13.8,16:25,Monday,0,75.2
3,13.6,17:53,Thursday,0,40.3
3,8.0,16:29,Monday,0,27.4
2,9.1,12:56,Friday,0,25.1
3,13.8,16:42,Saturday,0,33.0
2,11.1,15:03,Saturday,0,22.8
5,15.3,09:08,Friday,0,87.4
1,12.9,08:50,Tuesday,0,16.7
7,12.2,17:21,Friday,1,93.6
5,11.5,17:14,Thursday,0,66.6
7,12.9,12:35,Thursday,0,98.0
2,14.4,14:37,Thursday,0,30.9
7,13.6,11:02,Monday,1,148.1
4,10.7,15:00,Saturday,0,51.5
4,15.7,12:27,Saturday,1,73.3
1,14.0,11:29,Saturday,0,9.2
5,13.2,12:24,Thursday,0,72.6
4,12.3,12:33,Monday,0,67.6
4,13.5,17:25,Friday,0,76.6
2,6.5,16:50,Sunday,1,18.5
2,12.7,09:56,Monday,0,30.7
2,16.9,10:47,Wednesday,0,39.6
5,12.7,10:59,Sunday,1,90.8
7,12.3,08:06,Sunday,1,80.1
4,10.2,13:18,Thursday,2,74.4
6,13.5,12:49,Tuesday,3,151.8
4,11.4,09:14,Wednesday,0,55.6
2,15.9,17:54,Thursday,0,31.4
4,9.4,15:36,Wednesday,0,49.0
2,10.6,09:49,Thursday,0,27.7
2,10.2,15:03,Monday,0,30.0
2,17.5,11:24,Monday,1,71.7
5,11.4,14:19,Monday,0,68.6
4,10.4,12:42,Saturday,0,42.6
4,5.7,09:23,Sunday,0,18.3
2,9.3,12:36,Monday,0,24.3
3,13.6,17:37,Sunday,0,33.6
5,13.6,15:28,Tuesday,0,88.8
3,10.0,14:15,Monday,1,53.0
3,10.2,16:26,Wednesday,0,28.3
9,17.6,16:17,Wednesday,0,157.2
7,20.1,16:52,Sunday,0,160.3
1,15.4,09:05,Monday,0,21.3
4,16.7,09:17,Sunday,1,62.5
3,17.3,15:59,Sunday,0,57.9
4,18.6,17:57,Thursday,0,76.7
1,11.1,13:37,Friday,0,21.3
5,9.4,17:38,Thursday,0,52.2
5,17.5,14:37,Sunday,0,92.5
5,9.1,08:51,Tuesday,1,69.8
4,8.9,17:15,Sunday,0,39.1
4,9.0,16:23,Wednesday,0,38.3
3,11.6,13:21,Sunday,0,42.1
5,6.0,15:26,Sunday,0,25.7
3,7.7,11:30,Saturday,0,22.7
4,10.1,14:09,Saturday,1,53.1
8,8.4,12:07,Thursday,0,92.7
7,15.2,13:16,Friday,0,134.2
3,12.0,14:21,Tuesday,0,55.3
4,13.7,08:32,Tuesday,1,91.7
3,13.4,08:57,Saturday,1,50.5
5,11.4,08:49,Saturday,0,44.7
3,15.0,13:56,Tuesday,0,65.1
3,13.4,12:07,Sunday,0,27.1
7,11.0,13:00,Friday,0,110.1
3,6.9,13:00,Sunday,0,18.3
3,13.6,08:24,Thursday,0,51.5
3,8.2,15:57,Friday,1,33.0
11,13.1,15:00,Friday,0,167.8
0,12.2,14:52,Tuesday,1,16.8
6,7.9,08:20,Tuesday,0,57.9
7,12.8,14:31,Sunday,0,78.9
5,12.6,13:00,Friday,1,95.3
2,12.6,15:36,Thursday,1,49.6
5,12.4,08:58,Monday,1,105.8
5,10.0,15:28,Monday,0,65.4
3,13.8,17:37,Thursday,0,40.7
5,9.9,16:30,Monday,0,54.1
2,8.8,16:56,Monday,0,23.1
3,14.0,08:45,Friday,0,53.4
3,14.8,13:17,Sunday,1,60.5
3,13.8,10:27,Saturday,1,47.5
7,11.4,13:26,Thursday,0,120.7
4,6.2,15:03,Sunday,0,15.9
2,16.4,15:28,Friday,1,67.5
6,6.1,17:54,Sunday,0,32.6
3,13.8,17:34,Tuesday,0,49.6
3,18.3,10:28,Friday,0,61.4
3,12.4,17:09,Sunday,0,31.9
4,12.9,16:50,Sunday,0,48.0
4,13.1,15:14,Sunday,1,61.7
9,12.6,10:34,Tuesday,0,110.0
2,19.1,09:52,Friday,0,55.6
6,9.5,12:21,Monday,1,101.3
8,9.1,08:23,Wednesday,0,78.7
4,11.0,10:50,Monday,1,76.4
7,17.2,08:44,Saturday,0,142.2
4,10.3,13:14,Saturday,0,39.0
4,13.3,14:09,Monday,1,84.5
2,15.2,09:06,Sunday,0,30.8
3,14.3,16:44,Saturday,0,43.7
5,15.1,08:58,Saturday,0,59.1
3,16.3,11:57,Thursday,0,68.2
8,12.9,13:00,Sunday,0,108.0
6,10.6,13:49,Sunday,0,54.7
3,12.4,11:11,Thursday,0,47.9
1,11.0,15:07,Wednesday,1,27.4
2,19.6,11:24,Saturday,0,40.0
6,10.4,10:31,Monday,0,88.1
5,13.4,12:31,Wednesday,0,90.2
3,7.5,09:08,Monday,2,52.9
4,12.4,17:39,Saturday,0,46.1
5,11.1,13:30,Monday,0,77.6
6,14.0,09:26,Saturday,1,97.3
4,14.1,15:57,Thursday,0,75.2
2,16.3,15:12,Thursday,0,41.8
6,16.0,12:18,Friday,0,120.7
7,11.8,17:50,Monday,0,102.2
7,9.2,13:00,Saturday,0,84.2
2,9.5,10:07,Tuesday,0,25.4
3,12.9,15:54,Saturday,0,38.9
3,12.5,17:17,Sunday,0,39.0
5,12.8,10:37,Thursday,0,70.3
7,10.4,08:04,Friday,0,84.9
8,16.3,14:05,Sunday,0,165.5
8,7.6,15:19,Wednesday,0,77.8
5,10.2,10:36,Wednesday,0,72.9
3,8.8,17:38,Sunday,2,37.2
3,11.4,09:40,Wednesday,0,36.3
2,15.7,16:00,Wednesday,1,62.6
3,11.1,16:45,Monday,0,33.6
1,12.3,09:42,Wednesday,0,14.5
1,14.0,13:00,Tuesday,0,21.5
4,11.0,08:16,Saturday,1,54.8
3,13.1,14:25,Thursday,1,47.8
3,12.8,13:27,Wednesday,0,40.0
6,8.6,15:46,Sunday,0,47.1
3,10.6,13:00,Thursday,1,56.1
2,13.1,11:32,Wednesday,0,33.9
6,15.8,09:22,Saturday,3,135.7
3,15.8,08:30,Tuesday,1,78.9
3,18.3,13:17,Thursday,0,72.1
4,13.5,17:11,Friday,0,60.8
2,10.8,15:39,Wednesday,0,26.9
7,11.8,11:55,Thursday,1,107.5
4,11.7,17:50,Monday,0,61.7
4,10.8,09:50,Saturday,1,45.5
4,13.1,17:58,Sunday,0,48.6
4,13.3,10:18,Friday,0,68.8
6,8.5,09:40,Thursday,0,55.5
3,15.3,16:34,Sunday,0,45.5
2,6.5,12:41,Saturday,1,25.3
5,11.3,16:55,Thursday,0,54.0
6,15.4,15:28,Friday,0,127.9
2,13.8,09:34,Sunday,1,44.2
1,10.9,09:13,Tuesday,1,24.9
3,17.9,12:28,Saturday,0,63.4
1,10.7,13:36,Wednesday,0,12.5
3,6.0,12:13,Monday,0,29.5
0,13.4,10:07,Wednesday,0,0.0
4,6.7,10:10,Thursday,0,36.7
2,9.5,13:05,Saturday,0,16.9
3,13.9,08:08,Tuesday,0,47.2
2,10.6,12:23,Thursday,0,23.8
7,13.7,08:19,Friday,0,130.1
3,8.5,16:43,Friday,0,29.1
1,14.6,14:12,Saturday,2,42.2
6,6.9,09:36,Saturday,0,47.0
2,16.0,15:41,Thursday,2,81.5
3,10.6,12:55,Tuesday,0,40.0
6,16.6,13:06,Sunday,0,84.7
5,9.5,10:33,Sunday,0,36.7
1,17.8,11:56,Monday,0,29.1
3,9.1,16:46,Thursday,0,32.2
4,6.6,09:28,Saturday,0,26.0
5,12.1,14:14,Friday,0,82.8
2,15.7,10:10,Sunday,0,20.0
4,14.4,12:26,Tuesday,0,72.4
5,15.5,13:19,Sunday,0,73.9
4,14.4,09:13,Tuesday,0,76.0
2,9.5,08:47,Monday,1,29.7
2,14.3,12:50,Saturday,0,34.9
1,12.3,12:05,Sunday,0,17.6
3,9.9,17:12,Wednesday,0,24.7
2,12.5,14:58,Tuesday,2,63.4
6,11.8,16:58,Sunday,0,68.0
9,16.2,17:16,Monday,0,202.5
4,10.5,08:11,Friday,0,33.4
5,10.3,16:47,Monday,0,68.6
1,9.9,17:35,Friday,0,10.6
4,17.7,12:31,Monday,0,98.5
4,10.1,14:21,Wednesday,0,61.9
3,15.9,11:27,Thursday,1,75.4
4,8.9,08:59,Sunday,1,42.3
6,13.5,10:37,Friday,0,99.3
4,12.8,08:48,Sunday,1,58.3
3,15.7,12:52,Thursday,0,62.8
3,15.3,14:32,Tuesday,0,64.8
4,12.2,08:03,Wednesday,0,46.4
4,10.4,10:17,Thursday,0,49.4
6,16.9,08:44,Thursday,0,113.3
4,10.1,17:39,Sunday,1,30.9
4,5.2,16:01,Sunday,0,16.2
2,6.4,08:18,Monday,0,18.5
3,7.2,16:08,Saturday,0,19.4
5,13.8,16:16,Wednesday,1,126.5
2,18.6,16:03,Friday,1,75.6
3,5.9,16:47,Sunday,0,17.1
4,9.7,12:41,Sunday,0,47.3
7,12.3,10:23,Thursday,0,110.5
4,16.6,16:42,Monday,0,87.3
5,9.6,16:20,Sunday,1,40.2
5,13.8,10:44,Sunday,0,72.4
5,11.2,13:48,Wednesday,0,81.6
3,19.8,13:34,Monday,0,79.9
6,12.4,12:52,Thursday,0,72.8
2,13.1,14:05,Saturday,2,46.4
2,12.3,08:50,Thursday,0,33.3
6,10.8,12:32,Monday,0,93.3
5,14.8,10:47,Thursday,0,104.7
3,8.5,08:01,Thursday,0,27.3
4,6.0,13:11,Sunday,0,22.2
2,11.5,11:38,Saturday,0,31.5
3,14.4,12:18,Friday,2,90.3
5,10.3,09:06,Wednesday,2,76.9
5,12.6,13:03,Sunday,2,94.0
1,8.3,10:42,Tuesday,1,19.9
3,15.2,08:00,Wednesday,0,53.7
3,14.0,15:48,Saturday,0,44.1
2,12.1,14:16,Sunday,0,25.5
6,12.5,13:16,Saturday,0,72.7
3,7.8,14:13,Friday,0,24.4
5,8.0,11:14,Sunday,1,40.2
3,11.6,09:13,Monday,0,40.8
4,13.5,11:34,Friday,0,71.9
4,13.7,15:53,Wednesday,0,56.7
3,10.9,14:04,Friday,0,35.2
4,14.2,15:54,Tuesday,0,59.3
0,16.3,17:01,Thursday,1,19.1
4,11.7,10:29,Tuesday,0,62.8
8,12.9,17:08,Friday,0,111.2
7,11.4,14:37,Sunday,0,72.7
2,11.6,13:36,Monday,0,35.4
3,12.5,13:01,Sunday,0,38.5
3,17.1,12:41,Friday,0,76.4
9,14.7,08:44,Monday,1,181.6
5,14.5,08:32,Friday,1,87.9
3,10.6,11:18,Monday,0,49.7
8,9.3,10:02,Saturday,0,69.5
2,13.2,08:51,Tuesday,2,54.4
4,15.7,08:14,Monday,0,85.9
5,17.2,17:47,Saturday,0,96.8
5,5.0,10:07,Thursday,0,29.6
2,19.3,17:50,Friday,1,56.3
3,13.3,13:26,Saturday,0,51.3
5,14.7,09:55,Thursday,0,88.7
3,6.8,09:27,Saturday,0,20.1
7,11.3,10:00,Friday,1,103.8
4,14.5,11:38,Monday,1,114.2
6,8.5,10:02,Sunday,1,44.9
3,5.0,16:16,Sunday,0,10.0
3,13.0,11:40,Tuesday,0,61.3
4,11.9,13:16,Friday,0,56.0
7,16.3,13:00,Monday,2,232.3
4,11.5,14:35,Tuesday,0,68.4
4,11.7,17:58,Friday,0,53.9
4,14.1,12:26,Wednesday,0,62.8
5,15.1,11:13,Sunday,0,80.2
1,9.9,17:44,Monday,0,16.3
2,14.8,17:58,Friday,0,34.6
6,10.4,15:48,Friday,1,80.9
3,12.0,15:58,Sunday,0,35.0
7,14.0,12:04,Saturday,1,94.7
3,14.5,13:23,Sunday,0,37.2
1,13.0,11:31,Saturday,0,12.7
3,8.8,14:11,Tuesday,0,34.2
5,6.4,16:15,Wednesday,0,30.6
5,11.4,11:44,Friday,0,75.9
3,14.9,13:21,Sunday,0,48.2
3,13.3,15:44,Sunday,0,36.0
6,12.7,10:05,Friday,0,68.0
8,12.0,14:06,Monday,0,137.5
4,12.9,15:45,Wednesday,1,92.8
4,9.0,08:31,Friday,0,43.5
4,14.3,10:32,Saturday,0,57.6
11,14.5,08:15,Tuesday,0,171.0
6,10.9,08:03,Thursday,0,75.5
4,13.3,12:46,Saturday,0,58.2
4,6.9,15:00,Saturday,0,30.9
5,12.5,11:49,Tuesday,0,70.8
7,11.6,14:12,Tuesday,0,106.4
5,15.8,09:54,Wednesday,0,85.1
8,11.4,16:21,Friday,0,113.6
7,14.6,11:37,Friday,0,101.7
5,10.8,15:04,Saturday,0,51.9
3,5.1,09:17,Thursday,0,18.9
2,11.3,16:10,Sunday,0,23.1
5,12.6,13:10,Monday,0,90.2
5,12.5,17:42,Thursday,0,46.6
3,12.5,12:03,Tuesday,0,52.3
4,10.5,16:43,Thursday,0,56.7
2,11.0,12:07,Sunday,0,19.1
4,8.6,09:04,Sunday,0,28.3
1,6.0,14:52,Sunday,0,8.2
3,11.7,09:49,Thursday,1,59.2
8,9.8,15:59,Friday,0,107.3
3,15.2,11:20,Thursday,0,62.5
6,5.5,15:33,Monday,0,36.6
5,12.9,12:48,Tuesday,2,111.7
1,18.4,13:22,Saturday,0,21.4
5,11.5,15:20,Monday,0,77.2
4,12.0,14:39,Friday,0,63.8
9,13.3,14:38,Thursday,0,142.9
2,13.5,14:35,Wednesday,0,31.1
3,10.8,13:51,Saturday,0,32.9
3,9.0,16:04,Tuesday,0,27.9
1,14.0,11:00,Tuesday,0,15.4
5,6.3,09:48,Tuesday,0,37.3
4,14.5,15:21,Monday,1,98.2
4,10.8,13:23,Monday,1,82.3
6,12.0,17:00,Monday,0,88.3
2,10.4,17:39,Friday,0,28.8
3,16.3,16:40,Wednesday,0,63.7
1,12.7,13:28,Wednesday,2,44.8
5,11.0,15:32,Saturday,0,56.7
7,11.0,11:20,Thursday,0,107.1
2,11.6,08:08,Monday,1,39.2
4,19.2,15:48,Thursday,1,100.7
2,8.0,15:48,Friday,0,23.5
2,15.2,08:04,Friday,0,37.3
3,13.7,16:38,Sunday,1,57.9
1,16.6,16:48,Friday,0,20.3
4,13.9,11:12,Saturday,0,55.0
2,12.0,08:10,Thursday,0,20.8
5,15.1,16:45,Friday,0,89.6
6,12.7,08:42,Tuesday,1,118.1
4,14.3,10:19,Sunday,1,79.9
6,16.3,13:25,Monday,2,207.8
3,12.3,16:09,Sunday,1,50.7
2,10.7,15:49,Friday,0,33.3
2,10.1,14:48,Wednesday,0,19.6
6,13.4,16:17,Wednesday,0,93.9
5,9.4,14:51,Monday,0,58.4
1,11.0,14:22,Wednesday,2,47.9
4,9.1,09:40,Monday,1,55.6
5,13.5,12:23,Thursday,1,113.3
4,9.7,12:30,Monday,0,53.3
1,8.1,08:11,Monday,0,11.3
4,8.7,12:03,Friday,1,55.6
4,10.3,10:16,Tuesday,2,75.4
4,10.6,08:53,Wednesday,1,60.6
9,12.8,13:27,Friday,0,166.1
2,11.5,10:22,Thursday,0,26.6
2,13.1,09:54,Thursday,2,67.2
6,13.4,15:52,Thursday,0,105.3
3,14.2,16:06,Friday,0,48.7
4,6.3,14:36,Friday,3,68.5
3,8.6,09:53,Monday,0,37.0
8,13.7,14:19,Sunday,0,100.2
4,12.6,15:07,Saturday,1,69.9
3,14.9,10:19,Wednesday,1,79.1
4,7.4,09:19,Wednesday,1,44.5
5,10.6,12:20,Saturday,0,57.5
5,11.1,12:14,Friday,0,43.7
7,12.5,09:31,Saturday,0,71.2
5,12.1,09:55,Thursday,1,90.8
3,13.4,12:59,Thursday,0,44.3
4,11.7,13:16,Thursday,0,61.8
3,16.1,13:22,Wednesday,2,111.3
8,17.1,17:49,Saturday,0,121.8
2,8.6,08:23,Saturday,1,16.9
4,12.1,15:51,Monday,1,74.1
7,14.4,11:31,Monday,0,151.9
2,13.8,15:31,Monday,0,42.4
5,10.8,15:21,Wednesday,1,56.3
5,12.8,14:11,Monday,0,91.1
5,7.2,14:18,Thursday,0,36.5
3,11.9,14:38,Sunday,1,47.1
3,7.6,15:28,Friday,0,27.7
2,13.5,09:18,Sunday,1,50.6
5,8.7,11:36,Tuesday,0,52.1
5,12.5,16:25,Friday,0,84.0
3,13.0,13:28,Saturday,0,47.1
6,12.2,09:22,Thursday,0,80.0
3,10.1,17:36,Saturday,0,28.3
2,11.4,17:52,Monday,0,27.9
6,15.5,13:07,Friday,1,130.6
2,10.7,13:19,Saturday,0,20.1
6,12.1,10:55,Wednesday,0,82.2
2,10.3,13:09,Tuesday,0,23.6
0,15.1,17:41,Monday,0,0.0
4,12.2,10:32,Tuesday,0,59.1
1,9.7,11:02,Saturday,0,10.4
4,12.0,16:58,Saturday,0,48.3
1,11.3,11:50,Friday,0,14.0
4,16.2,17:43,Tuesday,0,65.4
8,11.9,11:29,Tuesday,0,127.7
1,7.9,08:02,Saturday,0,9.5
4,13.5,17:32,Friday,1,71.6
3,17.4,10:22,Saturday,0,44.1
4,15.6,14:56,Wednesday,0,70.8
4,8.7,08:28,Saturday,0,31.0
3,11.2,15:28,Thursday,1,60.4
2,11.9,10:12,Friday,0,31.5
3,11.9,16:00,Saturday,0,35.1
5,13.1,17:39,Wednesday,0,89.4
7,11.0,08:27,Saturday,1,80.0
1,9.3,11:40,Friday,1,28.1
3,14.9,15:09,Thursday,1,81.8
1,8.6,17:57,Saturday,0,11.3
3,9.6,11:37,Thursday,0,36.7
4,8.6,17:56,Saturday,1,39.7
8,13.8,16:59,Monday,0,140.5
2,12.3,15:11,Sunday,0,26.6
2,14.7,11:49,Sunday,1,38.1
3,9.6,13:22,Sunday,0,27.7
5,8.2,15:12,Saturday,1,62.4
4,10.7,14:51,Friday,1,72.6
5,11.5,10:53,Saturday,0,66.4
1,12.6,13:34,Sunday,0,8.9
5,7.0,16:21,Saturday,0,31.3
2,13.4,12:45,Tuesday,0,36.6
1,9.3,13:39,Tuesday,0,12.0
1,10.1,11:16,Sunday,0,6.1
8,15.5,09:36,Monday,0,175.7
2,5.5,08:39,Sunday,0,12.7
3,13.0,12:03,Sunday,0,36.9
5,13.0,14:19,Monday,2,138.8
4,9.5,15:36,Saturday,0,49.6
2,10.7,08:50,Friday,2,58.8
1,15.7,11:11,Wednesday,0,18.2
4,17.9,16:04,Thursday,1,87.8
5,15.2,09:07,Wednesday,0,86.8
4,17.7,17:55,Saturday,0,88.8
2,9.9,14:19,Wednesday,1,42.5
4,7.3,17:24,Monday,0,36.2
7,11.8,15:18,Wednesday,1,134.6
5,14.4,17:38,Thursday,0,90.2
3,6.4,14:39,Thursday,0,17.8
2,9.2,10:40,Thursday,0,25.0
4,9.6,16:00,Sunday,1,44.9
6,13.1,10:15,Wednesday,0,81.1
3,12.7,13:39,Saturday,0,40.8
4,9.7,11:43,Sunday,0,40.4
5,12.5,15:59,Saturday,0,53.9
5,8.6,15:35,Thursday,0,49.4
3,10.7,16:38,Sunday,0,27.2
3,8.2,10:28,Wednesday,0,31.9
3,11.5,17:58,Tuesday,0,37.1
5,9.6,16:03,Saturday,0,34.6
3,14.1,11:52,Sunday,0,38.8
5,11.9,09:16,Monday,0,68.0
3,11.3,11:29,Wednesday,0,34.9
5,17.3,09:03,Wednesday,1,133.2
6,13.1,14:09,Saturday,1,107.5
11,10.9,09:07,Tuesday,2,144.4
3,10.2,12:18,Friday,0,34.3
6,8.5,14:40,Sunday,0,48.5
3,11.8,12:31,Sunday,0,28.3
8,12.9,16:48,Sunday,0,88.2
8,6.3,10:24,Thursday,0,59.2
4,7.9,13:14,Friday,0,42.9
1,10.5,17:07,Saturday,0,10.8
3,8.7,11:31,Wednesday,0,28.9
4,12.1,12:43,Thursday,0,61.1
4,12.5,17:19,Thursday,1,80.3
4,11.6,12:59,Saturday,0,34.8
5,13.7,16:38,Thursday,0,79.8
6,10.2,17:24,Thursday,0,55.8
8,11.9,10:33,Thursday,0,131.9
3,9.0,15:51,Tuesday,1,48.2
4,12.9,14:32,Tuesday,1,89.8
4,12.2,17:52,Saturday,0,38.1
8,8.4,13:51,Monday,0,98.5
2,11.5,15:55,Friday,0,29.3
6,11.9,11:27,Sunday,0,44.2
3,12.8,14:03,Friday,0,50.8
2,13.0,15:47,Friday,0,34.0
5,9.8,17:40,Saturday,0,34.5
3,14.3,10:31,Tuesday,0,56.9
8,13.6,08:47,Monday,0,138.1
2,9.8,17:45,Sunday,0,21.0
4,8.6,14:01,Wednesday,0,40.2
5,10.1,08:10,Wednesday,0,55.1
2,7.6,13:11,Tuesday,0,20.9
5,12.6,17:21,Saturday,0,31.7
2,15.6,17:50,Monday,0,36.5
2,16.3,11:15,Tuesday,1,62.7
3,8.7,15:49,Tuesday,0,22.7
5,14.4,12:35,Sunday,0,78.9
3,12.3,11:58,Sunday,0,36.8
5,5.0,15:34,Monday,0,34.0
2,11.0,10:41,Monday,0,32.4
4,10.7,12:15,Sunday,0,39.8
4,15.6,10:27,Friday,0,77.5
2,9.4,09:25,Saturday,0,20.5
4,13.7,11:47,Thursday,1,84.8
1,11.7,17:35,Tuesday,0,7.7
4,7.7,12:11,Saturday,1,40.7
3,10.3,14:49,Tuesday,0,39.6
14,16.6,10:51,Monday,1,375.3
10,11.5,16:39,Saturday,1,113.6
5,14.7,14:14,Wednesday,0,79.7
3,14.6,17:30,Monday,1,63.9
4,10.7,11:15,Thursday,0,60.8
3,8.1,13:22,Monday,0,36.2
3,8.5,09:54,Thursday,0,34.8
4,16.4,09:21,Friday,0,92.0
1,12.5,13:51,Wednesday,0,13.2
10,6.8,16:02,Monday,0,81.5
4,14.5,09:59,Sunday,0,52.3
6,6.6,15:01,Thursday,0,51.4
3,9.5,14:42,Monday,0,33.8
1,12.2,12:49,Friday,0,17.4
6,19.6,15:40,Sunday,1,136.3
2,14.4,13:56,Monday,0,36.3
1,10.6,17:27,Saturday,2,24.0
6,12.1,15:38,Wednesday,0,89.7
2,14.8,16:51,Friday,0,43.6
6,16.3,11:36,Monday,1,155.3
2,11.3,16:06,Sunday,2,43.5
5,11.3,17:55,Sunday,0,43.2
4,9.5,09:38,Thursday,0,44.5
2,14.0,13:06,Tuesday,0,34.1
8,15.1,16:37,Tuesday,0,137.2
3,6.2,11:57,Friday,0,31.4
4,10.8,13:04,Saturday,0,46.6
3,8.4,15:28,Friday,1,33.5
5,12.5,16:14,Thursday,2,107.7
4,8.3,09:59,Saturday,0,38.1
3,8.0,11:54,Saturday,0,27.7
2,15.4,11:56,Wednesday,1,55.7
5,11.5,09:31,Saturday,0,47.2
6,11.8,08:54,Tuesday,0,72.3
5,13.3,15:26,Saturday,1,77.7
3,14.9,16:31,Thursday,0,47.9
8,10.7,17:31,Saturday,0,71.7
5,10.8,17:33,Friday,0,71.1
5,10.8,17:56,Monday,1,88.5
4,15.2,08:49,Saturday,1,85.4
4,11.8,11:58,Saturday,0,44.0
4,11.1,08:49,Monday,0,49.9
1,13.2,14:46,Tuesday,0,17.0
3,17.5,17:43,Saturday,0,51.1
2,12.2,08:22,Wednesday,0,26.6
6,11.2,13:15,Monday,2,133.3
5,17.8,13:19,Saturday,0,115.8
3,16.0,09:37,Thursday,1,70.4
2,15.6,16:20,Wednesday,0,39.1
3,10.5,11:56,Thursday,0,41.3
2,10.2,12:12,Wednesday,0,25.6
1,6.5,17:37,Monday,0,10.3
3,14.9,10:28,Thursday,0,47.4
4,12.2,11:51,Sunday,0,41.1
6,6.6,15:42,Sunday,0,39.5
2,15.6,12:47,Friday,0,33.3
2,11.0,14:02,Tuesday,0,30.2
4,11.4,12:46,Tuesday,0,51.9
3,7.5,10:49,Wednesday,1,42.4
3,13.5,09:37,Monday,0,50.3
3,13.5,16:30,Monday,0,61.3
2,11.9,10:45,Saturday,0,23.2
3,10.7,17:58,Thursday,0,33.0
9,19.9,08:06,Saturday,0,185.3
3,8.4,16:49,Monday,0,33.3
5,9.8,17:28,Monday,0,60.7
4,14.1,08:35,Friday,0,60.9
8,9.0,14:16,Tuesday,0,88.2
7,8.7,15:49,Tuesday,1,109.9
5,15.4,14:09,Friday,0,80.2
3,13.8,16:48,Sunday,0,29.4
4,13.5,09:19,Wednesday,1,87.1
4,12.5,17:29,Saturday,0,54.4
4,9.9,13:30,Wednesday,1,55.0
3,11.2,11:26,Saturday,0,26.1
4,11.8,13:15,Wednesday,0,67.8
6,14.5,11:23,Tuesday,1,114.0
9,13.3,12:33,Thursday,1,155.8
9,9.2,09:33,Wednesday,0,94.9
7,14.4,16:26,Tuesday,0,103.1
1,7.0,11:53,Tuesday,1,20.8
6,11.0,12:40,Wednesday,1,96.7
3,8.6,17:05,Monday,1,38.8
4,9.4,17:04,Monday,0,43.2
3,17.8,15:52,Friday,0,75.2
3,7.6,08:18,Monday,0,27.1
5,9.5,17:03,Saturday,0,49.0
1,13.5,09:53,Sunday,0,12.4
8,10.6,12:22,Tuesday,1,99.5
6,12.5,17:01,Monday,0,103.1
3,16.3,08:57,Tuesday,0,64.3
2,14.0,09:19,Monday,0,43.6
5,10.6,13:45,Tuesday,0,54.0
2,11.6,12:40,Sunday,1,18.3
2,13.6,11:53,Saturday,0,31.1
4,13.9,16:05,Sunday,0,46.0
4,12.1,16:56,Saturday,0,35.0
2,13.1,17:54,Saturday,0,24.1
4,13.1,09:13,Friday,1,72.1
0,11.7,14:45,Monday,0,0.0
2,10.2,16:42,Saturday,0,19.1
4,14.2,10:24,Friday,1,93.6
3,12.9,12:48,Sunday,0,39.6
1,5.8,08:04,Friday,0,7.0
8,9.5,09:20,Thursday,0,90.3
2,10.6,09:15,Saturday,0,14.7
3,11.4,15:04,Friday,0,42.7
3,15.6,14:13,Monday,0,67.9
1,21.6,08:23,Friday,0,23.2
8,5.0,13:57,Wednesday,1,50.1
8,12.9,08:40,Tuesday,0,106.5
4,12.2,10:01,Tuesday,0,57.0
4,11.5,17:00,Saturday,0,49.2
4,13.6,12:28,Friday,0,83.8
1,12.4,15:48,Monday,0,20.6
7,10.9,11:08,Wednesday,0,74.3
3,12.1,09:06,Friday,0,37.1
4,13.7,16:52,Thursday,0,66.0
4,13.4,09:38,Saturday,0,62.0
8,12.6,11:29,Friday,0,114.2
2,10.2,15:00,Monday,0,28.8
5,20.5,13:55,Sunday,0,84.0
3,13.1,17:16,Thursday,0,44.4
1,14.3,17:52,Sunday,0,10.3
2,10.5,09:27,Tuesday,1,38.0
8,12.6,10:15,Friday,0,104.7
2,12.5,14:23,Monday,1,43.8
6,6.3,09:28,Tuesday,0,61.9
5,9.9,13:25,Sunday,1,59.6
3,9.8,11:43,Sunday,0,38.3
2,10.2,16:52,Sunday,0,22.7
3,8.8,17:10,Tuesday,0,23.8
2,12.1,10:35,Sunday,0,24.2
5,16.2,08:57,Monday,1,104.1
3,12.4,17:54,Wednesday,0,38.0
5,8.5,09:29,Thursday,2,49.9
5,8.9,09:44,Saturday,0,32.6
6,10.9,10:31,Friday,0,72.3
2,7.8,11:24,Wednesday,1,26.4
3,12.9,09:28,Tuesday,0,46.0
0,16.1,11:13,Wednesday,0,0.0
0,10.3,08:13,Wednesday,0,0.4
3,12.2,16:00,Friday,0,50.6
3,10.7,10:38,Monday,0,45.1
2,10.1,16:10,Wednesday,0,22.9
7,12.6,14:28,Friday,0,117.4
2,10.0,12:48,Friday,0,22.0
4,9.6,17:43,Friday,0,48.6
3,7.1,11:52,Wednesday,1,30.1
6,12.2,09:47,Thursday,1,117.2
3,15.2,13:46,Monday,0,70.4
4,14.1,09:24,Thursday,0,68.1
5,16.5,10:46,Sunday,0,85.8
2,10.0,17:04,Saturday,1,28.0
7,14.6,16:55,Friday,1,121.5
4,8.7,12:39,Wednesday,0,38.5
5,14.1,12:46,Sunday,0,89.2
5,16.9,13:40,Thursday,0,106.6
1,13.5,08:50,Saturday,0,9.2
3,17.0,10:31,Friday,0,67.0
4,10.2,13:47,Monday,0,60.4
3,11.6,11:12,Friday,1,56.6
4,9.3,10:08,Sunday,1,36.6
4,12.1,14:28,Saturday,0,55.6
6,12.8,13:39,Friday,1,129.8
3,12.1,11:16,Monday,0,52.2
4,10.6,17:22,Monday,2,80.0
2,10.5,15:46,Saturday,1,27.5
4,13.0,13:57,Thursday,0,68.3
2,11.5,10:05,Thursday,0,24.5
0,8.5,14:28,Friday,0,0.0
5,6.3,14:52,Sunday,0,35.7
5,10.2,13:48,Thursday,0,55.5
3,7.9,14:22,Thursday,0,22.2
4,9.5,09:37,Thursday,2,75.7
3,10.7,11:20,Thursday,0,30.7
4,11.6,16:54,Friday,1,63.8
8,10.0,09:22,Tuesday,0,81.0
4,18.6,13:53,Wednesday,0,84.0
3,8.2,16:58,Thursday,0,35.4
7,15.6,08:08,Thursday,0,115.1
6,11.5,17:40,Thursday,0,77.9
3,10.0,16:50,Wednesday,1,49.3
4,13.8,15:09,Sunday,0,47.2
4,10.6,15:05,Saturday,0,50.1
3,9.6,16:40,Sunday,0,27.3
2,17.4,09:42,Friday,1,68.1
3,5.4,14:59,Thursday,0,17.3
0,11.3,11:26,Thursday,0,1.3
2,12.6,16:45,Sunday,0,22.4
7,16.2,13:19,Friday,0,168.1
4,10.8,15:39,Saturday,0,39.4
5,20.0,09:40,Saturday,0,126.9
5,14.3,10:25,Sunday,0,70.6
2,5.0,16:22,Thursday,1,16.6
3,7.6,11:57,Wednesday,0,27.5
1,12.7,13:16,Sunday,0,12.7
6,8.6,15:15,Tuesday,0,59.3
5,13.6,09:41,Wednesday,0,84.3
6,10.6,11:01,Sunday,0,61.2
5,8.4,11:15,Friday,0,65.7
2,9.1,17:10,Friday,0,19.6
3,14.6,09:22,Thursday,0,48.1
5,5.9,11:42,Thursday,0,34.5
3,15.1,17:35,Sunday,1,69.2
2,15.2,16:20,Wednesday,1,41.9
4,11.0,14:42,Thursday,0,54.0
5,7.8,13:29,Monday,0,57.6
2,13.7,16:23,Monday,0,31.0
4,10.5,17:27,Tuesday,1,80.8
1,7.5,17:14,Wednesday,0,5.3
4,17.7,14:23,Wednesday,0,87.2
7,9.3,15:16,Friday,0,98.1
6,7.6,15:45,Thursday,1,58.8
5,12.9,16:05,Monday,0,86.2
0,11.8,15:19,Thursday,1,12.9
1,16.5,09:47,Monday,0,21.4
2,10.9,15:35,Thursday,0,29.0
8,10.9,11:54,Monday,1,132.9
4,13.0,09:59,Monday,0,48.2
3,12.6,09:01,Saturday,0,35.3
5,12.7,10:24,Monday,0,86.1
2,12.8,13:04,Sunday,1,39.6
6,12.5,10:28,Thursday,1,100.4
3,10.8,14:39,Saturday,0,29.1
5,14.5,17:38,Tuesday,0,79.2
4,10.9,08:26,Thursday,0,58.7
7,14.4,09:18,Sunday,0,89.5
2,16.2,10:28,Monday,0,46.9
2,10.0,16:02,Thursday,0,19.8
4,19.2,10:42,Monday,0,101.5
2,9.9,09:54,Wednesday,0,19.6
4,9.9,09:31,Sunday,0,43.3
4,13.6,09:29,Thursday,0,48.7
5,13.3,15:11,Wednesday,0,83.1
2,12.2,15:04,Friday,1,47.9
5,14.5,11:06,Tuesday,0,94.4
4,12.8,12:29,Monday,0,55.2
4,18.2,14:16,Thursday,0,67.3
6,11.8,17:45,Saturday,1,76.9
4,9.4,15:25,Tuesday,1,51.9
5,10.3,16:01,Monday,0,63.4
5,13.4,17:46,Friday,0,71.1
2,13.5,11:48,Wednesday,0,28.9
8,12.6,08:41,Sunday,1,78.1
2,9.5,15:28,Wednesday,0,22.3
4,15.3,09:12,Wednesday,0,50.7
6,17.8,12:23,Thursday,0,124.9
4,12.1,15:23,Sunday,1,51.1
4,17.4,13:35,Friday,1,113.7
7,14.6,11:40,Friday,1,192.2
4,18.7,13:08,Saturday,1,85.3
3,13.4,10:27,Saturday,0,42.6
3,12.4,08:44,Thursday,0,41.9
2,14.5,12:07,Wednesday,1,57.7
3,10.7,08:34,Tuesday,0,35.5
5,13.2,17:47,Thursday,0,85.0
4,16.0,12:28,Friday,0,90.3
3,14.5,16:49,Wednesday,0,52.8
2,11.9,17:31,Thursday,0,20.7
5,12.6,12:29,Thursday,0,79.4
4,14.3,12:12,Friday,0,70.0
2,14.2,16:56,Saturday,0,23.0
5,14.3,08:20,Thursday,0,69.9
3,13.0,12:52,Thursday,0,48.5
5,9.5,10:41,Wednesday,0,59.7
7,10.0,15:31,Wednesday,0,92.6
1,13.4,16:22,Friday,0,18.7
3,14.5,14:12,Friday,0,58.1
5,14.1,12:04,Thursday,1,105.5
3,10.0,13:32,Wednesday,0,35.8
5,11.5,13:44,Sunday,1,66.3
4,8.5,14:21,Saturday,0,31.4
3,7.8,17:13,Saturday,0,20.3
2,12.2,10:29,Saturday,1,38.7
4,16.1,10:00,Thursday,0,89.0
3,12.3,09:54,Friday,0,43.6
5,17.7,14:58,Tuesday,0,101.1
4,11.5,17:02,Saturday,0,49.8
3,12.1,11:16,Monday,0,39.7
5,9.0,12:12,Thursday,0,63.1
8,11.0,17:40,Tuesday,0,80.0
1,8.4,09:27,Friday,0,11.9
3,7.4,16:47,Tuesday,1,32.3
6,8.5,17:35,Sunday,0,46.3
4,12.3,15:59,Monday,0,80.3
5,9.8,11:21,Saturday,0,44.4
5,10.5,14:32,Friday,0,59.3
4,13.2,10:54,Sunday,0,51.3
1,7.4,09:12,Wednesday,0,12.8
8,12.2,09:04,Friday,0,116.4
3,14.5,08:05,Monday,0,53.8
2,14.8,17:47,Friday,0,34.0
0,13.5,14:33,Thursday,2,28.9
6,11.8,11:12,Saturday,0,75.0
5,10.1,13:47,Saturday,0,50.5
4,11.8,14:11,Thursday,0,67.2
1,17.0,09:49,Wednesday,1,42.8
1,12.8,10:53,Friday,0,12.1
4,11.7,13:28,Sunday,0,44.6
3,13.7,16:23,Wednesday,0,49.7
5,12.1,09:17,Saturday,1,58.5
7,12.7,16:35,Thursday,0,85.2
2,11.3,14:05,Sunday,0,20.7
1,10.8,12:53,Friday,0,15.1
2,15.0,09:26,Friday,0,40.0
2,6.1,13:29,Friday,0,16.8
5,13.4,11:32,Saturday,0,94.6
2,10.6,09:53,Sunday,0,17.2
2,6.3,16:47,Wednesday,0,16.2
3,9.1,12:36,Saturday,0,24.4
4,11.9,08:47,Friday,0,66.1
4,12.3,11:01,Friday,0,72.1
3,14.2,09:48,Tuesday,0,55.7
4,14.4,17:23,Thursday,1,59.5
2,7.4,10:25,Tuesday,0,20.2
2,13.1,13:03,Monday,0,34.5
6,14.2,15:27,Sunday,1,100.4
5,12.7,09:35,Saturday,0,47.0
10,13.5,12:22,Thursday,0,173.6
6,6.2,14:31,Thursday,1,50.6
2,9.0,16:49,Monday,0,20.7
4,16.1,14:32,Wednesday,0,84.2
6,11.2,08:48,Tuesday,0,76.4
4,18.7,11:12,Thursday,0,88.0
0,8.2,11:30,Thursday,0,2.2
4,16.7,11:52,Sunday,0,84.9
4,10.2,17:24,Saturday,1,49.0
1,14.6,08:21,Friday,0,11.1
3,11.1,11:01,Sunday,0,24.2
3,12.3,12:55,Wednesday,0,46.7
4,13.8,08:51,Monday,1,97.5
4,10.2,12:50,Thursday,0,51.6
6,14.4,09:04,Monday,1,136.0
3,11.2,16:22,Sunday,1,40.2
9,12.5,10:42,Monday,1,189.1
5,5.0,13:13,Saturday,0,28.9
7,11.0,14:10,Friday,0,87.7
2,15.8,11:03,Tuesday,1,63.0
5,14.1,11:30,Thursday,0,69.7
5,14.7,13:06,Thursday,0,96.5
2,12.2,16:03,Saturday,0,22.7
6,17.0,12:31,Wednesday,0,129.9
4,12.9,12:54,Friday,1,87.5
3,10.0,13:57,Wednesday,0,38.5
4,14.6,12:15,Monday,1,119.5
4,14.8,15:15,Friday,0,74.0
2,13.9,08:02,Tuesday,0,31.8
4,10.8,12:49,Tuesday,0,65.2
1,12.8,17:13,Wednesday,0,19.7
9,16.2,14:09,Thursday,0,179.0
3,13.4,12:51,Friday,0,49.8
3,7.6,15:43,Saturday,0,20.9
7,10.1,11:55,Friday,0,96.6
0,10.0,12:40,Wednesday,0,0.0
5,9.7,09:57,Sunday,0,32.0
2,5.7,09:14,Thursday,1,22.3
2,17.7,08:15,Tuesday,3,110.2
4,9.4,15:18,Saturday,0,44.2
3,9.6,12:40,Sunday,0,34.5
3,6.2,17:23,Wednesday,0,20.7
4,14.6,09:46,Tuesday,0,72.2
0,11.7,10:26,Wednesday,0,3.0
5,10.9,14:23,Wednesday,0,57.1
4,11.1,08:32,Tuesday,1,60.2
5,13.8,13:02,Monday,1,118.0
3,10.6,09:14,Tuesday,1,55.2
4,6.0,09:36,Wednesday,1,31.7
4,8.1,13:07,Tuesday,1,49.0
3,8.0,13:41,Tuesday,0,29.7
2,12.8,10:07,Sunday,0,25.6
4,14.8,10:42,Tuesday,0,73.1
5,16.4,10:50,Saturday,1,78.4
6,7.1,09:25,Friday,0,42.2
1,13.9,17:39,Thursday,0,15.3
7,10.2,14:55,Saturday,1,85.2
3,20.8,09:06,Monday,1,106.2
4,16.2,11:34,Saturday,0,62.6
4,17.1,09:43,Wednesday,0,85.9
1,14.4,10:20,Saturday,0,15.4
4,13.1,17:23,Sunday,1,60.4
2,10.8,09:22,Saturday,2,43.5
3,10.2,16:47,Monday,0,46.5
9,9.6,16:25,Sunday,0,64.9
5,13.9,15:26,Saturday,0,65.1
1,16.7,12:58,Monday,1,46.3
7,10.9,10:35,Tuesday,0,109.3
4,9.8,16:18,Sunday,0,33.5
3,7.5,16:20,Saturday,1,25.5
5,12.7,13:15,Wednesday,0,78.5
3,15.7,08:28,Sunday,0,41.4
3,15.8,09:55,Thursday,1,84.1
4,16.1,08:33,Sunday,0,52.3
3,13.2,09:47,Friday,1,58.0
3,12.3,13:05,Friday,0,43.3
2,15.8,16:32,Monday,0,39.3
6,8.7,14:31,Sunday,0,70.8
5,10.7,14:00,Tuesday,0,72.4
4,17.1,15:28,Tuesday,0,90.9
2,8.8,14:23,Thursday,0,21.5
2,11.9,12:26,Saturday,0,25.7
7,13.9,16:09,Saturday,0,106.0
6,12.2,11:06,Friday,0,99.2
4,15.4,17:16,Sunday,0,57.1
0,16.6,09:09,Friday,0,0.0
1,13.4,14:22,Tuesday,0,16.2
5,16.2,13:00,Saturday,1,109.3
5,9.2,12:15,Tuesday,1,72.8
2,11.5,12:17,Thursday,0,36.0
5,19.2,08:25,Friday,0,123.9
6,17.8,15:30,Wednesday,0,115.0
3,8.2,11:31,Wednesday,1,34.2
2,12.0,12:45,Tuesday,0,30.0
7,12.4,16:28,Wednesday,0,83.8
8,13.2,13:46,Sunday,0,98.0
5,15.8,16:30,Wednesday,0,77.6
4,17.5,09:22,Thursday,0,75.1
4,12.1,10:49,Friday,1,72.9
2,15.4,10:16,Tuesday,0,38.3
1,13.9,16:51,Tuesday,0,15.6
7,11.9,15:48,Tuesday,0,90.5
5,6.9,16:20,Monday,0,51.3
2,15.1,13:41,Thursday,0,39.3
6,13.8,10:12,Monday,1,121.3
7,13.2,11:46,Wednesday,0,101.1
5,9.1,13:30,Thursday,0,46.5
6,17.9,08:11,Tuesday,0,95.6
4,12.5,14:23,Tuesday,0,71.9
4,8.6,16:32,Friday,0,45.3
3,8.1,11:15,Thursday,1,36.4
5,14.0,14:47,Saturday,2,121.1
5,14.1,12:50,Sunday,1,92.5
3,10.6,08:02,Tuesday,0,36.5
4,13.4,10:50,Wednesday,0,70.8
6,14.0,13:16,Thursday,0,112.7
4,12.4,15:14,Tuesday,0,63.2
1,9.9,12:01,Saturday,1,20.1
6,14.9,09:51,Monday,0,116.1
6,14.5,08:36,Wednesday,0,73.5
3,13.7,15:08,Sunday,1,45.8
2,9.5,11:39,Saturday,0,25.2
4,8.0,14:28,Thursday,0,35.2
4,12.2,10:13,Monday,1,64.8
3,14.8,15:32,Saturday,0,50.3
4,15.1,11:26,Thursday,0,76.0
4,13.8,08:31,Sunday,0,50.1
2,10.6,13:06,Saturday,0,22.1
6,9.6,15:18,Sunday,1,72.8
3,11.9,17:19,Monday,0,53.1
6,12.0,17:42,Sunday,1,65.4
0,15.3,12:33,Friday,0,1.9
4,10.6,14:07,Wednesday,0,59.2
4,10.8,13:34,Saturday,0,42.0
3,18.2,13:20,Thursday,0,80.4
6,16.7,09:08,Friday,0,133.1
2,9.4,14:42,Sunday,0,14.4
2,16.4,17:39,Friday,1,67.3
4,8.6,09:16,Friday,0,34.3
3,10.7,11:07,Sunday,0,27.6
2,11.0,08:46,Saturday,1,34.2
3,11.8,12:01,Friday,0,51.4
5,13.9,12:49,Sunday,1,84.4
4,12.3,11:34,Sunday,1,54.5
4,13.8,12:45,Friday,1,88.1
5,10.8,16:01,Monday,1,82.0
4,13.1,10:08,Friday,0,70.5
9,12.2,15:34,Wednesday,1,136.1
2,7.8,15:55,Friday,0,17.0
7,13.4,13:48,Wednesday,0,96.0
2,12.3,11:09,Wednesday,0,27.5
6,9.9,17:21,Sunday,0,50.4
4,10.7,11:38,Tuesday,0,47.9
4,10.8,08:29,Tuesday,0,37.7
2,11.3,09:21,Friday,0,29.8
4,17.3,16:54,Friday,0,69.9
0,18.3,09:29,Sunday,0,0.0
5,5.0,12:28,Monday,0,41.7
5,13.5,14:55,Sunday,0,73.4
1,14.9,13:44,Saturday,0,18.8
5,11.4,14:32,Tuesday,0,77.0
3,14.8,11:29,Saturday,0,54.7
3,17.0,14:37,Saturday,0,59.3
2,7.9,08:05,Monday,0,18.3
4,12.4,10:37,Monday,0,59.6
2,17.9,09:14,Friday,0,34.9
2,8.3,12:33,Friday,0,21.3
3,11.7,09:27,Sunday,0,25.7
2,10.7,13:28,Sunday,0,18.7
4,15.2,09:48,Monday,0,78.2
3,15.6,12:08,Sunday,1,74.9
7,12.5,08:44,Saturday,0,61.3
3,12.1,12:23,Friday,1,63.5
5,6.8,16:04,Wednesday,0,32.8
1,16.3,11:10,Friday,0,19.0
2,10.9,15:03,Thursday,0,29.3
2,11.6,12:15,Wednesday,0,25.8
1,14.9,10:20,Monday,0,19.3
2,12.6,11:02,Saturday,0,26.3
4,15.0,11:01,Wednesday,1,98.1
3,13.8,15:25,Tuesday,1,63.9
2,12.6,10:00,Wednesday,0,33.8
9,12.9,17:46,Monday,1,150.5
2,8.6,14:52,Wednesday,0,22.3
2,11.6,12:00,Saturday,0,23.6
8,15.3,17:58,Saturday,0,123.8
5,9.3,10:09,Monday,1,91.4
5,9.9,15:37,Wednesday,1,66.7
2,9.4,10:42,Friday,1,34.9
4,12.5,13:26,Sunday,0,46.5
4,16.2,08:32,Thursday,1,80.6
2,13.6,16:27,Sunday,0,21.8
5,5.5,11:39,Monday,1,46.2
2,13.9,13:50,Sunday,0,24.4
3,10.7,17:16,Tuesday,0,33.1
3,13.5,08:18,Saturday,1,23.7
3,11.6,17:40,Monday,0,50.0
4,9.4,13:15,Sunday,0,46.9
3,11.8,15:48,Tuesday,0,46.6
5,10.7,12:43,Wednesday,0,59.7
3,12.9,16:09,Friday,1,52.3
5,9.3,16:48,Monday,1,58.5
2,8.6,11:49,Thursday,0,23.2
5,14.2,15:13,Wednesday,0,97.9
5,15.3,17:59,Thursday,0,83.4
2,13.7,15:34,Wednesday,0,35.8
2,10.1,17:34,Saturday,0,19.8
4,9.8,15:21,Thursday,0,41.8
1,10.0,11:17,Saturday,0,13.3
3,14.7,16:16,Monday,0,63.8
2,9.5,14:39,Friday,0,21.3
4,14.7,08:19,Wednesday,1,87.6
3,13.9,09:43,Friday,0,48.9
8,15.7,10:36,Saturday,0,121.4
6,15.2,15:26,Friday,0,118.2
3,13.6,15:58,Wednesday,0,49.3
7,7.6,16:16,Tuesday,2,90.8
6,13.8,08:40,Sunday,0,61.7
4,12.3,08:43,Tuesday,0,60.7
6,10.9,10:59,Monday,1,91.8
5,16.1,14:48,Wednesday,0,95.0
9,11.5,16:25,Monday,1,148.2
7,10.4,16:41,Saturday,0,79.8
6,15.4,10:04,Sunday,0,85.4
4,10.8,15:40,Thursday,0,48.7
5,10.3,14:24,Friday,0,76.9
3,8.6,17:16,Sunday,0,20.9
7,9.5,15:43,Sunday,0,57.5
3,9.8,13:17,Monday,0,33.9
3,13.9,15:49,Monday,0,54.1
5,8.9,11:04,Wednesday,0,47.5
1,6.4,15:51,Tuesday,0,7.1
4,12.9,15:48,Tuesday,0,64.8
2,10.1,16:33,Tuesday,0,20.5
5,12.0,10:25,Saturday,0,52.2
5,15.8,16:29,Tuesday,0,74.8
2,12.2,09:41,Thursday,0,25.9
3,16.5,15:43,Monday,0,59.5
3,11.8,17:17,Friday,1,69.2
5,15.0,08:21,Saturday,0,85.6
5,10.4,14:15,Friday,0,77.2
5,12.3,14:35,Tuesday,0,66.8
6,9.2,16:09,Monday,0,71.2
5,9.6,09:01,Wednesday,0,44.1
8,11.3,17:05,Saturday,0,109.6
1,8.0,17:56,Monday,0,12.3
5,12.5,14:43,Saturday,0,54.4
6,11.1,12:17,Sunday,1,81.5
6,12.7,14:21,Friday,0,81.2
5,8.1,08:32,Saturday,0,36.3
3,14.1,15:31,Tuesday,0,51.1
3,17.1,08:41,Friday,1,85.8
3,16.5,11:13,Saturday,0,58.1
4,17.7,09:23,Saturday,0,67.7
3,12.1,15:15,Friday,1,58.9
4,10.9,13:56,Tuesday,0,35.7
2,13.5,14:59,Sunday,0,32.2
3,11.3,08:38,Friday,0,35.3
2,6.8,11:42,Monday,0,19.4
6,14.5,12:03,Friday,0,142.2
2,11.3,14:01,Sunday,1,27.4
5,7.6,09:01,Monday,0,48.3
3,10.5,14:28,Sunday,1,44.1
4,11.4,11:56,Wednesday,0,63.6
8,12.0,17:03,Wednesday,0,105.9
9,12.1,12:29,Thursday,1,171.8
3,16.1,09:01,Saturday,0,42.3
0,8.1,09:02,Monday,0,1.6
8,11.5,10:32,Tuesday,0,120.0
2,9.4,10:23,Saturday,1,27.6
1,15.8,15:58,Tuesday,0,20.1
2,10.3,15:13,Wednesday,0,21.8
3,11.0,08:46,Friday,0,36.3
1,15.1,16:30,Tuesday,1,30.0
3,16.0,08:57,Monday,0,57.5
4,16.4,15:51,Thursday,0,87.3
3,7.1,09:06,Monday,1,37.8
1,13.4,11:45,Wednesday,0,17.5
6,12.8,15:30,Friday,0,76.5
4,11.8,10:32,Saturday,1,62.2
3,12.2,09:07,Sunday,0,32.1
4,15.9,15:52,Sunday,0,63.9
1,15.1,14:54,Monday,0,25.1
7,14.7,16:54,Thursday,0,107.5
6,12.6,14:24,Monday,0,103.0
5,18.8,08:44,Saturday,0,100.2
5,10.8,14:23,Monday,0,71.2
3,7.2,16:13,Saturday,0,21.1
6,11.2,08:50,Monday,0,64.6
5,12.2,09:21,Monday,0,75.6
5,15.9,14:46,Sunday,1,111.1
5,10.5,15:54,Tuesday,0,66.2
4,13.5,11:31,Thursday,1,91.4
3,7.6,15:21,Thursday,1,40.2
8,15.2,09:40,Friday,0,170.0
3,12.2,12:26,Sunday,0,34.6
1,11.2,15:28,Wednesday,1,29.4
6,18.4,09:59,Friday,0,170.6
1,15.2,11:29,Sunday,0,14.8
5,8.9,14:17,Monday,0,53.9
0,11.7,11:27,Thursday,0,0.0
1,20.2,16:44,Wednesday,0,23.9
4,17.9,17:34,Sunday,0,44.0
4,14.8,14:25,Friday,0,69.1
4,6.5,15:49,Friday,0,30.2
8,16.0,17:04,Tuesday,0,149.9
6,10.1,15:01,Sunday,1,86.8
5,16.0,15:43,Monday,0,115.2
3,9.8,08:48,Thursday,0,27.3
7,13.5,16:14,Friday,0,167.5
4,10.1,10:44,Sunday,0,38.2
6,10.9,08:42,Tuesday,0,58.4
4,13.9,13:53,Wednesday,1,75.1
2,8.0,10:16,Monday,0,18.5
3,19.1,08:47,Friday,0,54.3
4,8.9,14:05,Tuesday,2,73.4
2,8.8,08:59,Friday,1,19.9
7,13.9,16:52,Monday,1,157.9
1,15.9,17:41,Thursday,1,38.0
8,11.0,15:22,Thursday,0,98.3
3,8.8,10:52,Thursday,0,35.1
4,9.2,13:37,Wednesday,0,39.9
3,8.9,08:18,Tuesday,1,35.7
3,12.9,14:12,Saturday,0,43.7
4,11.8,10:38,Sunday,0,43.2
6,13.3,12:33,Tuesday,0,96.9
1,13.1,09:47,Thursday,0,14.6
3,14.5,17:51,Monday,0,61.9
7,10.8,10:04,Tuesday,0,105.9
3,9.8,12:10,Wednesday,0,38.3
2,12.5,10:32,Friday,0,29.5
1,11.8,13:24,Friday,1,32.9
6,12.8,17:03,Saturday,0,61.7
11,9.9,09:38,Monday,1,175.0
6,13.9,09:24,Monday,0,119.7
2,8.5,08:44,Tuesday,0,25.2
7,10.7,13:53,Wednesday,0,83.6
4,15.4,14:01,Thursday,0,67.5
7,8.6,16:12,Friday,1,88.2
7,15.2,16:21,Tuesday,0,121.9
5,7.8,09:01,Saturday,1,50.7
3,7.2,17:06,Saturday,0,24.6
5,7.5,16:17,Wednesday,0,52.3
3,12.4,14:28,Friday,0,47.9
7,14.2,11:28,Wednesday,0,134.2
3,15.9,15:27,Monday,0,60.9
0,15.6,14:12,Saturday,1,17.0
1,14.6,11:31,Monday,1,40.8
8,9.5,08:07,Tuesday,0,84.0
7,9.5,13:55,Wednesday,0,100.3
0,14.4,13:45,Sunday,0,0.0
3,16.3,09:32,Friday,0,57.8
4,8.9,17:03,Saturday,0,33.6
1,15.9,09:35,Sunday,0,16.3
4,6.2,10:52,Sunday,0,19.7
5,13.2,11:43,Friday,0,82.0
2,11.7,14:49,Wednesday,1,39.2
2,11.4,08:48,Wednesday,0,17.2
5,12.1,15:01,Tuesday,0,86.7
5,9.4,12:08,Friday,0,51.0
4,13.3,09:49,Friday,0,51.2
3,12.2,09:07,Sunday,0,37.6
3,14.8,12:07,Tuesday,0,55.6
1,16.8,12:27,Saturday,0,16.9
7,12.4,09:22,Tuesday,0,98.3
4,9.5,12:49,Monday,0,61.0
6,8.6,13:01,Wednesday,0,60.1
4,17.1,17:48,Sunday,0,64.6
6,16.7,15:07,Thursday,0,102.6
3,14.7,08:07,Tuesday,0,51.4
3,12.2,12:46,Wednesday,0,50.6
1,14.4,08:12,Friday,0,20.4
3,15.9,13:06,Tuesday,2,85.9
8,10.1,11:22,Tuesday,0,100.0
2,12.1,17:02,Tuesday,0,33.8
7,8.7,12:55,Monday,0,95.8
3,11.6,16:29,Friday,0,40.2
3,16.6,13:50,Wednesday,0,61.9
5,15.2,11:57,Wednesday,1,117.0
9,12.4,10:17,Wednesday,0,124.0
5,5.0,09:49,Friday,0,32.1
7,10.0,15:56,Sunday,1,80.0
1,12.3,16:49,Saturday,0,8.3
5,11.4,11:14,Thursday,0,64.5
4,12.1,12:56,Friday,0,60.2
3,12.7,10:52,Tuesday,0,46.4
3,10.4,12:33,Sunday,0,32.4
7,12.0,16:41,Friday,0,100.6
5,11.6,09:22,Sunday,0,45.5
4,9.9,10:54,Tuesday,0,57.6
5,17.5,14:57,Tuesday,1,132.9
4,10.6,11:06,Saturday,0,52.6
2,5.2,08:48,Wednesday,0,15.8
3,17.3,11:44,Tuesday,1,78.5
1,9.5,14:45,Saturday,0,8.3
3,14.7,17:50,Thursday,0,44.3
4,10.0,16:55,Saturday,0,39.3
7,13.7,13:37,Tuesday,1,155.3
8,11.9,15:46,Monday,0,128.9
2,15.0,13:42,Wednesday,0,34.8
5,11.4,12:56,Sunday,0,70.9
1,10.0,09:42,Friday,0,10.7
1,12.8,10:55,Saturday,0,15.2
5,10.9,12:31,Saturday,1,68.6
6,6.2,17:51,Sunday,0,31.5
2,10.2,14:05,Thursday,1,40.8
4,20.6,17:26,Tuesday,1,141.0
3,6.5,10:35,Sunday,0,19.4
5,12.7,08:41,Thursday,1,77.5
7,11.3,17:47,Wednesday,0,101.9
2,17.5,11:17,Thursday,0,45.1
3,8.7,13:21,Saturday,0,28.3
5,12.3,08:42,Wednesday,0,76.5
1,14.1,16:36,Saturday,0,14.4
1,11.5,08:00,Tuesday,1,34.0
6,9.7,17:03,Wednesday,0,64.0
4,11.9,09:39,Monday,0,70.5
6,11.1,09:50,Sunday,0,65.2
2,11.1,16:15,Sunday,0,21.6
4,14.8,11:51,Tuesday,0,73.4
1,13.2,10:33,Thursday,0,14.5
5,13.7,13:57,Saturday,1,92.3
6,13.0,10:32,Friday,1,100.7
1,14.9,10:51,Friday,0,16.9
8,15.9,08:27,Tuesday,0,144.6
3,11.1,13:23,Monday,0,54.2
3,14.5,09:17,Sunday,0,39.3
3,8.1,16:22,Sunday,0,22.3
1,5.2,15:30,Sunday,0,1.8
1,17.5,10:51,Monday,0,29.1
5,11.0,13:20,Friday,0,81.2
5,12.8,13:46,Tuesday,1,113.8
1,8.3,14:39,Wednesday,0,5.8
6,8.2,12:11,Wednesday,0,63.5
6,9.9,14:31,Tuesday,0,67.4
2,13.9,09:41,Friday,1,54.7
4,10.5,12:42,Friday,0,56.8
6,11.0,08:56,Sunday,0,63.2
2,9.8,17:24,Saturday,0,15.9
5,15.5,12:00,Friday,0,88.5
3,14.6,14:10,Sunday,1,51.9
3,10.5,12:53,Wednesday,0,41.0
6,14.1,08:16,Monday,0,100.9
3,11.3,08:37,Sunday,1,40.9
2,11.0,10:38,Wednesday,0,22.6
3,11.9,14:44,Thursday,0,43.0
4,13.9,14:24,Wednesday,0,79.8
5,9.3,09:52,Sunday,0,45.0
6,13.5,12:53,Wednesday,0,106.1
1,19.5,11:40,Friday,1,52.6
6,12.5,13:41,Friday,0,92.5
2,12.1,11:20,Thursday,0,35.3
4,11.7,16:57,Thursday,0,54.4
7,13.4,12:43,Monday,0,137.6
6,7.2,12:15,Sunday,1,55.1
2,17.1,15:01,Wednesday,0,45.8
2,14.9,15:48,Tuesday,1,46.3
4,10.1,12:22,Tuesday,0,53.0
2,12.1,09:05,Wednesday,1,52.3
4,10.3,08:51,Friday,0,57.8
6,12.9,11:16,Thursday,0,92.5
2,12.2,15:19,Saturday,0,27.2
0,12.7,14:32,Saturday,0,0.0
6,8.9,10:52,Wednesday,0,66.7
5,10.6,08:02,Saturday,1,52.9
3,15.4,14:25,Friday,0,56.2
6,10.4,13:38,Sunday,0,56.6
0,5.0,15:43,Monday,0,5.0
3,11.5,14:51,Thursday,0,39.3
3,19.2,10:28,Friday,2,135.1
5,14.5,15:19,Tuesday,0,85.8
7,10.2,12:51,Friday,0,88.3
10,11.8,13:44,Saturday,0,132.0
7,14.0,11:34,Monday,0,119.1
6,6.7,15:54,Sunday,1,48.3
2,9.4,09:57,Sunday,0,16.9
4,13.2,10:02,Tuesday,1,74.5
4,16.8,10:22,Tuesday,0,74.8
4,10.7,15:53,Tuesday,1,80.7
5,16.7,15:16,Monday,0,113.6
4,9.7,10:41,Monday,0,52.7
2,5.0,09:26,Wednesday,0,13.9
5,14.2,08:16,Friday,0,71.2
6,13.6,14:50,Friday,1,137.1
6,14.2,13:23,Thursday,0,105.9
9,14.1,15:01,Friday,3,177.8
5,12.6,15:04,Monday,2,114.1
3,11.2,16:26,Sunday,0,24.9
3,11.3,12:09,Tuesday,0,44.7
4,10.6,16:16,Wednesday,0,43.3
3,10.8,12:21,Friday,0,37.9
5,6.6,15:04,Monday,0,46.6
1,8.4,13:30,Thursday,0,10.5
6,11.5,17:12,Sunday,0,72.9
3,5.3,11:42,Tuesday,0,23.9
3,6.0,14:53,Friday,0,22.9
4,11.0,13:58,Friday,0,60.4
3,11.6,17:59,Monday,0,35.2
8,11.1,08:46,Monday,0,120.4
7,5.0,13:58,Tuesday,0,47.6
1,16.7,10:19,Monday,0,25.2
4,7.7,16:50,Thursday,1,40.9
1,9.5,15:56,Tuesday,1,22.2
4,8.2,14:37,Friday,2,60.8
1,15.9,12:48,Wednesday,0,24.2
5,13.3,14:48,Wednesday,0,82.9
4,10.6,13:32,Monday,0,51.1
7,10.4,10:52,Saturday,0,80.7
4,12.5,16:11,Monday,1,78.0
3,8.3,13:07,Sunday,0,28.8
5,13.1,10:34,Tuesday,1,104.1
2,10.4,14:38,Sunday,0,24.0
3,13.6,08:11,Saturday,0,43.3
7,13.5,15:12,Saturday,0,108.6
3,10.2,12:42,Saturday,0,37.8
3,5.8,14:20,Thursday,0,23.9
5,11.3,09:34,Tuesday,0,60.9
5,7.7,15:10,Friday,0,41.3
2,12.2,15:13,Friday,0,27.5
3,11.2,15:24,Saturday,0,37.5
7,10.2,12:40,Tuesday,0,70.0
4,8.1,14:24,Saturday,0,33.7
4,15.6,13:29,Sunday,1,74.5
3,10.6,10:19,Saturday,0,37.6
1,19.1,08:13,Tuesday,0,21.1
2,12.1,12:08,Tuesday,0,30.2
5,13.1,16:08,Monday,2,138.3
2,12.1,11:13,Saturday,0,24.6
3,13.0,15:29,Thursday,0,44.5
4,15.3,14:23,Wednesday,1,87.9
3,15.3,11:31,Tuesday,0,60.9
7,6.7,08:00,Thursday,1,54.3
5,14.6,12:18,Tuesday,1,109.8
5,13.5,11:55,Saturday,1,102.6
7,12.1,09:23,Wednesday,0,95.6
2,17.1,16:11,Thursday,0,36.8
3,17.3,17:33,Friday,0,50.9
3,14.7,09:12,Friday,0,52.9
3,10.4,10:18,Monday,0,39.1
5,8.4,14:19,Monday,1,68.5
6,14.3,17:30,Tuesday,1,100.6
4,16.1,17:20,Saturday,0,61.4
4,5.9,17:18,Sunday,0,16.0
4,15.3,12:24,Sunday,0,64.6
2,11.2,17:51,Tuesday,0,23.3
1,6.6,11:38,Saturday,0,9.0
11,13.4,08:52,Tuesday,0,180.6
8,14.7,15:02,Tuesday,0,150.1
3,10.9,13:33,Thursday,0,45.1
4,8.8,15:59,Monday,0,55.0
10,17.1,14:12,Monday,0,275.1
5,10.0,16:12,Sunday,1,43.0
4,15.5,11:26,Saturday,0,58.5
7,7.5,10:52,Friday,0,61.7
0,13.2,15:34,Tuesday,0,1.9
3,13.2,12:58,Monday,0,53.7
6,14.6,09:47,Monday,0,107.7
10,16.5,11:45,Wednesday,1,202.9
5,9.6,16:00,Saturday,0,48.9
3,13.6,17:14,Friday,0,50.5
4,7.9,15:36,Saturday,1,32.2
4,7.9,15:10,Sunday,2,41.4
5,10.3,16:06,Saturday,0,35.4
4,13.2,10:00,Monday,0,51.1
2,17.0,13:47,Tuesday,2,93.7
1,17.6,13:56,Wednesday,1,45.2
3,10.9,17:27,Thursday,0,36.4
4,12.9,08:09,Saturday,0,59.2
3,14.8,17:42,Sunday,0,27.0
5,14.3,15:15,Sunday,0,45.6
5,11.5,08:13,Thursday,0,51.8
5,12.2,13:11,Sunday,0,41.7
6,11.7,08:41,Sunday,0,54.6
6,11.4,14:02,Tuesday,0,94.5
3,11.0,12:30,Friday,0,44.6
4,11.6,15:43,Thursday,0,61.4
2,10.8,13:47,Saturday,0,24.0
7,8.6,15:51,Sunday,1,59.6
3,14.6,11:41,Tuesday,0,52.9
3,13.5,16:34,Friday,0,50.6
7,17.6,16:39,Sunday,0,82.1
4,13.1,14:33,Friday,0,42.1
4,10.7,10:38,Saturday,1,57.2
7,10.1,17:54,Saturday,1,76.2
5,12.1,16:10,Saturday,0,73.3
2,13.7,16:30,Saturday,1,43.5
4,11.3,08:06,Sunday,0,40.5
7,7.6,16:15,Tuesday,0,61.0
1,9.8,10:10,Saturday,0,7.2
6,12.1,13:04,Wednesday,0,87.4
4,14.2,15:02,Friday,0,79.7
5,7.5,12:06,Friday,0,51.7
5,12.8,10:26,Friday,0,87.8
5,12.7,13:00,Tuesday,1,100.9
1,10.6,10:59,Saturday,1,18.8
2,10.2,14:09,Saturday,0,25.0
4,9.8,09:05,Saturday,0,43.1
5,12.4,12:04,Friday,0,82.5
8,15.4,13:54,Friday,0,170.3
4,15.6,17:54,Tuesday,0,74.5
6,8.6,12:57,Friday,0,64.3
2,11.4,12:15,Tuesday,0,29.0
6,5.4,17:53,Sunday,0,23.3
0,12.3,17:15,Monday,0,0.0
4,13.8,14:43,Monday,0,85.4
4,16.7,13:26,Saturday,0,79.3
4,6.6,10:42,Saturday,0,29.0
3,8.7,14:14,Thursday,0,36.0
5,12.4,16:20,Thursday,2,94.0
1,7.1,17:48,Monday,0,5.3
4,12.5,09:42,Saturday,1,59.0
6,13.9,10:44,Saturday,0,83.1
4,8.2,16:50,Tuesday,0,41.3
4,12.4,16:36,Monday,0,67.7
4,8.4,15:09,Thursday,0,45.0
1,16.1,09:02,Tuesday,1,27.7
7,12.6,15:03,Monday,0,111.1
4,10.1,12:41,Monday,0,57.3
5,8.3,11:42,Friday,0,56.4
3,13.2,10:30,Wednesday,2,98.2
6,16.1,11:10,Saturday,0,84.9
3,9.7,13:21,Wednesday,1,44.2
4,10.7,09:37,Friday,0,48.1
5,9.7,13:05,Tuesday,0,58.5
6,16.7,08:28,Thursday,0,94.7
9,6.3,12:06,Friday,0,73.9
2,15.9,17:36,Wednesday,1,58.3
5,10.9,15:23,Sunday,0,52.4
7,11.8,08:41,Friday,0,83.7
1,11.0,14:52,Tuesday,0,13.3
2,12.7,09:57,Sunday,0,19.4
7,9.8,12:44,Thursday,0,95.9
3,15.2,10:56,Saturday,0,56.4
5,15.3,17:20,Wednesday,0,64.9
3,9.0,08:32,Monday,0,34.7
10,14.0,16:48,Thursday,2,167.2
5,10.9,15:00,Thursday,0,66.1
1,12.2,11:37,Saturday,0,12.4
5,16.6,16:47,Saturday,0,61.7
6,10.0,12:03,Friday,1,103.5
7,14.8,14:59,Thursday,0,121.9
3,13.4,15:52,Monday,0,50.6
0,11.4,10:51,Friday,1,14.7
4,13.1,08:43,Sunday,0,38.9
5,12.7,16:40,Sunday,1,66.3
5,8.5,10:18,Monday,0,45.5
3,10.2,17:19,Sunday,1,21.1
7,8.9,11:09,Tuesday,0,69.6
2,11.2,12:08,Monday,0,30.1
3,16.0,12:18,Monday,0,56.1
3,13.7,12:40,Thursday,0,48.4
0,7.7,17:37,Tuesday,0,0.0
6,11.2,10:27,Friday,0,82.1
6,12.7,14:04,Thursday,0,101.1
5,14.2,10:56,Saturday,0,90.7
5,10.0,09:18,Tuesday,0,62.2
8,8.3,10:53,Tuesday,1,82.6
3,11.8,13:31,Thursday,0,47.8
2,13.7,14:04,Monday,0,44.7
4,12.7,10:38,Thursday,0,51.6
2,9.3,17:52,Friday,0,17.7
4,17.3,11:37,Friday,0,74.1
4,11.7,16:19,Thursday,0,49.2
4,12.6,08:21,Monday,1,81.3
3,10.0,14:57,Tuesday,0,44.6
3,15.3,11:02,Monday,1,92.9
6,13.7,13:22,Sunday,0,86.9
3,12.9,16:21,Friday,0,46.5
6,8.5,15:14,Wednesday,0,64.0
3,15.3,11:35,Wednesday,0,59.2
2,14.3,15:19,Monday,0,44.5
2,15.0,12:08,Thursday,0,37.2
4,12.1,08:38,Monday,0,62.4
5,11.8,14:39,Friday,0,71.5
2,11.5,17:22,Tuesday,0,26.5
4,18.8,08:50,Monday,1,115.0
5,10.4,14:52,Monday,1,75.2
3,8.4,16:23,Monday,0,36.3
3,10.9,13:57,Wednesday,0,47.7
6,10.4,12:51,Monday,0,89.3
4,15.8,10:22,Monday,0,88.1
2,7.9,09:56,Tuesday,0,21.7
1,10.3,11:57,Thursday,0,12.3
2,12.6,14:24,Tuesday,0,33.0
2,15.8,11:08,Wednesday,1,55.7
2,14.1,12:53,Thursday,2,66.0
3,16.9,13:59,Friday,0,69.6
1,13.0,10:05,Monday,0,18.9
1,11.4,15:24,Sunday,1,24.7
4,14.6,14:17,Monday,1,102.8
1,7.9,13:55,Sunday,1,12.1
2,6.9,12:46,Tuesday,0,21.3
8,14.9,11:38,Wednesday,0,133.2
3,12.6,13:29,Monday,0,50.1
4,14.9,15:39,Wednesday,0,64.9
2,9.4,15:03,Sunday,0,12.9
5,15.9,15:22,Friday,0,95.9
7,14.0,10:05,Friday,1,146.5
2,11.9,15:47,Wednesday,0,26.1
3,12.6,11:21,Sunday,0,44.4
6,13.0,10:19,Saturday,0,92.7
1,9.4,09:12,Tuesday,0,13.7
8,10.8,16:18,Friday,0,78.3
4,13.0,14:13,Wednesday,0,75.1
7,10.7,16:24,Tuesday,0,86.5
5,7.6,13:36,Friday,0,59.2
3,12.9,16:36,Wednesday,0,39.9
3,14.5,13:33,Monday,0,61.4
13,15.2,14:27,Sunday,0,195.9
7,13.6,08:33,Friday,0,95.0
3,14.5,14:41,Thursday,1,56.1
2,15.0,13:58,Sunday,0,18.9
4,12.2,10:25,Friday,1,102.5
2,5.6,09:07,Sunday,1,10.0
7,15.5,11:28,Friday,0,111.9
3,9.3,08:36,Tuesday,1,45.7
4,8.6,14:00,Thursday,0,35.2
3,8.7,13:27,Thursday,0,26.2
2,19.5,17:10,Wednesday,0,25.8
4,13.3,13:10,Wednesday,0,68.9
1,8.9,15:17,Friday,0,7.8
4,9.9,14:38,Wednesday,1,65.3
3,12.0,14:59,Monday,0,49.3
2,13.6,11:08,Friday,0,34.9
2,12.8,12:09,Friday,0,31.7
5,9.2,09:11,Saturday,0,41.6
3,13.0,14:30,Monday,0,49.3
5,10.2,11:01,Thursday,1,66.0
4,15.1,13:29,Sunday,0,50.5
4,12.2,17:12,Tuesday,0,66.9
6,9.7,14:49,Saturday,0,56.4
6,14.1,10:40,Wednesday,0,71.4
5,13.1,13:08,Tuesday,0,88.8
1,10.6,14:01,Friday,0,11.3
3,14.2,16:30,Saturday,0,40.5
4,13.9,15:56,Sunday,1,61.3
3,15.6,11:09,Saturday,0,58.5
6,14.1,17:11,Wednesday,0,87.9
0,11.4,09:28,Saturday,1,13.3
5,6.9,10:45,Monday,0,51.1
4,12.6,08:20,Wednesday,0,43.7
3,13.0,11:06,Tuesday,0,50.5
2,12.2,12:08,Thursday,1,41.1
9,5.0,10:24,Friday,0,47.2
2,14.0,08:07,Friday,0,26.4
3,9.3,08:06,Tuesday,0,34.5
8,14.1,17:14,Wednesday,1,188.3
1,17.1,15:20,Monday,1,42.4
4,11.2,14:59,Thursday,2,83.2
7,13.3,15:51,Saturday,1,109.9
10,12.1,14:56,Tuesday,0,143.2
3,13.6,08:36,Thursday,0,52.8
6,12.3,17:15,Sunday,0,88.8
1,10.4,12:17,Monday,2,42.0
3,9.3,12:32,Sunday,1,46.7
4,16.8,16:51,Wednesday,0,68.9
7,13.3,10:02,Wednesday,1,107.4
7,14.5,11:07,Friday,1,144.4
4,13.2,16:33,Wednesday,0,66.2
6,14.9,13:11,Wednesday,0,110.5
3,9.3,12:12,Tuesday,0,39.5
1,12.2,17:32,Monday,0,15.9
3,13.5,16:53,Sunday,0,44.2
4,15.9,16:52,Monday,0,86.0
4,20.0,10:07,Tuesday,1,144.7
7,13.2,16:26,Saturday,0,77.0
6,10.0,14:34,Saturday,0,60.4
5,8.4,14:54,Tuesday,0,53.2
8,9.3,08:28,Saturday,0,58.7
4,9.7,13:33,Saturday,0,35.1
1,5.0,10:11,Wednesday,0,7.0
3,10.0,17:16,Monday,1,54.0
4,14.2,13:36,Saturday,0,60.8
4,12.2,14:10,Friday,0,71.0
6,11.2,10:25,Thursday,0,67.9
2,7.1,12:12,Tuesday,0,17.4
6,15.2,13:17,Wednesday,0,97.4
2,13.5,16:07,Tuesday,0,33.1
2,12.0,14:06,Sunday,1,38.0
6,5.4,09:07,Tuesday,1,51.5
2,10.5,12:30,Thursday,0,22.5
9,13.3,10:57,Friday,0,157.3
3,11.9,13:23,Monday,1,78.7
3,12.6,12:41,Thursday,0,41.4
3,14.1,08:13,Friday,0,39.6
6,12.5,10:04,Thursday,1,81.5
1,13.9,14:36,Friday,0,19.7
0,9.5,13:26,Thursday,2,21.4
7,8.3,08:31,Friday,0,70.5
5,13.4,13:58,Sunday,0,64.3
3,14.0,13:01,Wednesday,1,85.4
3,13.6,09:30,Wednesday,1,67.5
5,12.4,08:01,Friday,1,74.0
4,11.0,11:21,Monday,0,59.6
7,12.6,15:47,Wednesday,2,145.5
5,13.1,09:19,Tuesday,0,66.6
8,13.3,17:26,Thursday,0,134.3
4,19.8,13:25,Monday,1,138.5
2,9.2,15:35,Tuesday,0,25.2
6,21.7,17:46,Wednesday,0,135.4
3,8.2,10:37,Friday,0,28.7
4,13.2,13:49,Thursday,0,59.9
4,8.4,11:24,Saturday,0,43.6
4,12.9,08:50,Saturday,1,57.3
5,14.9,15:56,Monday,0,133.8
3,12.1,08:07,Friday,0,41.5
5,14.9,16:41,Monday,0,86.3
3,10.7,15:56,Tuesday,1,41.8
2,5.9,14:23,Saturday,0,15.9
3,13.9,13:54,Friday,1,70.6
6,12.1,16:27,Wednesday,0,90.8
1,10.6,08:33,Tuesday,1,31.4
0,10.8,15:21,Wednesday,0,2.0
6,13.2,09:48,Saturday,0,81.0
1,9.6,08:12,Thursday,0,13.9
6,13.1,11:07,Monday,0,118.7
2,15.6,11:16,Thursday,0,31.8
6,18.2,09:55,Tuesday,0,153.3
6,16.2,15:06,Monday,0,133.1
3,12.5,13:35,Monday,0,62.3
3,12.8,17:12,Saturday,0,38.5
6,10.8,15:37,Tuesday,0,91.2
6,10.6,16:15,Tuesday,0,73.9
9,14.6,17:01,Sunday,0,86.0
4,11.1,16:03,Saturday,1,58.8
6,13.1,09:10,Thursday,0,98.8
2,9.1,09:51,Saturday,0,16.1
4,16.1,12:01,Monday,0,89.7
5,11.0,11:19,Tuesday,0,52.0
6,15.3,16:51,Wednesday,1,116.1
6,9.9,13:14,Saturday,0,51.9
4,9.7,16:45,Monday,0,52.9
4,16.0,11:52,Friday,1,107.5
4,10.1,17:03,Monday,0,51.3
3,7.3,08:43,Sunday,0,23.4
3,8.9,12:27,Tuesday,0,35.8
2,14.6,17:00,Friday,0,34.6
3,14.3,12:29,Friday,1,77.5
8,9.7,15:19,Wednesday,1,95.9
8,10.1,11:36,Saturday,1,108.2
1,14.0,16:17,Friday,0,14.0
3,15.9,14:18,Thursday,0,61.7
5,11.8,16:07,Friday,0,81.7
2,13.7,13:21,Wednesday,0,29.9
4,14.6,14:22,Saturday,0,49.1
4,18.5,13:17,Friday,1,106.6
2,8.5,13:40,Thursday,0,26.7
3,10.0,14:53,Friday,0,35.2
2,10.5,09:12,Saturday,0,16.0
7,14.5,15:41,Friday,1,148.4
5,11.2,11:33,Wednesday,0,45.8
5,12.9,08:07,Tuesday,0,63.2
3,12.4,14:26,Sunday,1,58.9
1,12.0,14:08,Saturday,1,21.7
5,12.3,15:15,Wednesday,0,70.8
3,15.1,17:58,Saturday,0,42.9
2,9.1,12:36,Monday,1,40.3
4,11.6,17:43,Friday,1,60.4
2,8.4,13:46,Tuesday,2,46.3
2,12.7,11:34,Wednesday,1,54.8
2,11.4,14:46,Sunday,2,36.9
6,15.2,09:57,Monday,0,114.0
5,12.0,17:39,Saturday,0,53.8
4,10.7,12:24,Wednesday,2,86.4
3,11.3,08:06,Thursday,1,48.2
8,17.2,14:33,Thursday,0,164.8
2,7.3,09:12,Sunday,2,19.2
3,10.1,08:53,Thursday,2,46.9
8,12.1,08:14,Tuesday,1,125.7
5,10.1,16:49,Monday,0,60.6
5,13.5,08:20,Tuesday,0,72.6
4,11.8,13:22,Tuesday,0,61.6
5,12.8,12:53,Monday,0,114.2
4,12.4,17:06,Sunday,0,39.7
6,11.7,17:06,Thursday,0,91.6
10,8.1,17:12,Sunday,0,87.1
5,12.5,12:00,Thursday,0,85.0
3,6.7,12:44,Tuesday,0,23.8
3,10.0,16:15,Tuesday,0,36.4
3,13.5,09:12,Saturday,0,35.8
4,15.6,09:08,Monday,0,98.3
1,19.0,17:13,Monday,1,50.2
3,10.7,08:17,Wednesday,0,33.5
6,9.4,11:49,Wednesday,1,98.7
2,13.6,09:56,Tuesday,0,31.3
2,17.6,08:50,Thursday,0,41.5
1,16.6,17:44,Friday,0,20.8
6,8.9,09:39,Thursday,0,63.3
4,11.6,12:19,Thursday,1,71.1
2,14.6,10:33,Friday,1,59.6
1,14.8,12:54,Tuesday,1,36.0
4,13.8,15:40,Wednesday,0,73.6
7,10.7,14:35,Monday,0,101.2
3,13.7,13:43,Sunday,0,49.3
4,14.8,13:06,Friday,0,86.9
2,9.2,09:19,Saturday,1,28.5
4,16.0,12:01,Saturday,0,66.4
3,15.0,17:03,Monday,0,64.3
5,9.8,16:12,Thursday,0,60.0
6,14.8,08:38,Sunday,0,34.3
4,14.4,16:24,Friday,0,61.5
3,14.6,16:16,Friday,1,71.0
1,16.7,16:01,Sunday,1,32.2
1,12.0,16:08,Saturday,0,13.8
1,13.0,17:49,Saturday,0,16.4
2,5.0,08:33,Saturday,0,11.0
5,15.3,11:50,Wednesday,0,70.5
5,15.1,17:41,Sunday,0,66.9
2,16.1,13:31,Saturday,0,39.9
0,9.2,14:49,Monday,2,25.9
7,14.9,11:37,Thursday,0,130.8
6,15.1,10:07,Tuesday,0,103.1
2,10.0,17:47,Thursday,0,24.4
5,15.2,11:36,Saturday,0,74.9
3,13.4,13:36,Friday,0,56.1
3,6.9,10:26,Saturday,0,22.0
3,13.8,17:40,Thursday,0,44.7
1,9.7,10:35,Monday,1,27.8
4,7.0,17:08,Sunday,0,25.3
3,13.1,10:55,Monday,0,61.6
1,11.8,17:28,Tuesday,0,15.4
3,16.2,11:40,Saturday,0,58.3
4,12.5,16:43,Wednesday,0,50.2
4,14.3,13:59,Thursday,0,63.8
3,13.5,09:08,Monday,0,52.1
4,15.1,10:57,Tuesday,0,82.6
2,9.3,15:36,Friday,0,24.6
8,12.6,14:40,Thursday,1,124.8
7,11.6,11:33,Tuesday,1,129.8
3,14.0,09:57,Wednesday,0,44.2
4,12.8,16:17,Wednesday,0,63.2
4,10.2,14:13,Sunday,1,52.2
3,11.0,14:49,Sunday,0,30.7
4,16.9,12:47,Thursday,0,79.2
3,6.9,11:30,Tuesday,0,27.0
6,14.1,11:49,Thursday,1,123.0
1,15.7,08:18,Monday,0,16.3
4,13.7,17:26,Friday,1,84.4
6,17.9,11:39,Friday,0,157.1
4,14.8,12:49,Sunday,0,66.9
1,13.2,11:34,Thursday,0,17.0
0,10.6,11:33,Thursday,0,0.0
4,13.2,14:51,Monday,0,74.3
4,14.0,14:42,Saturday,0,56.8
3,12.0,16:06,Wednesday,0,42.0
1,9.8,08:43,Saturday,0,11.9
8,8.4,16:44,Tuesday,0,77.5
2,12.6,17:34,Wednesday,0,20.2
3,7.6,17:53,Tuesday,0,28.1
5,10.6,09:17,Sunday,0,50.4
4,5.0,12:52,Saturday,0,21.7
3,14.5,17:23,Friday,0,41.9
2,15.5,15:35,Wednesday,0,32.4
4,12.2,08:36,Saturday,1,49.9
4,17.5,16:42,Thursday,1,90.0
7,16.0,16:23,Saturday,1,114.1
6,13.4,15:48,Tuesday,1,98.1
6,11.7,12:07,Thursday,0,109.3
2,11.0,14:19,Sunday,0,26.4
1,13.7,15:09,Monday,0,19.6
3,11.6,11:57,Saturday,0,36.3
6,13.6,15:50,Friday,1,142.5
5,13.9,10:43,Wednesday,0,99.3
5,11.3,09:50,Sunday,1,54.5
5,15.3,16:35,Saturday,1,90.9
6,11.3,11:23,Thursday,0,80.7
3,12.1,08:34,Wednesday,0,37.8
3,9.1,16:19,Friday,1,42.3
6,11.2,15:59,Monday,1,102.8
5,18.5,16:01,Tuesday,0,114.5
4,9.3,11:24,Thursday,0,46.5
5,13.3,14:01,Tuesday,0,100.7
2,10.6,08:08,Thursday,0,20.1
2,5.4,08:01,Sunday,0,12.0
4,13.7,10:35,Wednesday,0,55.8
6,10.3,13:15,Wednesday,0,79.6
1,13.0,14:00,Wednesday,1,36.1
4,15.0,09:20,Saturday,0,62.0
0,12.7,16:40,Saturday,0,0.0
2,13.0,17:35,Tuesday,0,30.5
3,9.4,09:11,Sunday,0,32.1
4,14.1,16:14,Friday,1,78.2
4,11.4,14:08,Sunday,2,73.5
5,6.0,13:01,Sunday,0,34.4
4,14.5,12:53,Friday,0,72.6
3,15.4,15:29,Friday,0,69.1
4,16.4,10:05,Friday,0,100.3
1,18.5,14:05,Friday,0,27.3
3,14.3,10:36,Thursday,0,57.9
3,13.5,08:51,Tuesday,0,36.2
0,15.3,13:31,Wednesday,0,0.0
6,9.3,10:41,Friday,0,69.1
5,7.0,15:25,Saturday,0,31.6
2,10.6,14:30,Thursday,0,27.8
1,15.8,10:14,Monday,0,12.6
4,10.0,16:36,Monday,0,55.4
4,13.4,11:28,Sunday,0,50.9
5,13.7,15:05,Monday,1,106.5
4,12.7,10:40,Tuesday,0,77.9
4,8.2,09:57,Monday,0,41.7
2,13.0,16:36,Tuesday,0,24.4
4,10.7,17:11,Saturday,0,42.9
1,17.1,11:31,Tuesday,1,45.8
8,15.4,11:08,Saturday,0,123.2
5,10.8,15:01,Saturday,0,74.4
3,17.3,10:16,Friday,1,86.8
6,13.0,16:38,Tuesday,0,103.8
3,7.0,08:05,Sunday,1,25.2
6,11.8,09:25,Friday,1,112.8
4,16.9,09:12,Saturday,1,75.7
3,9.5,11:10,Wednesday,0,30.0
6,11.8,16:39,Friday,0,91.3
5,7.9,14:24,Friday,0,52.7
2,8.4,09:04,Friday,0,21.9
8,9.5,08:47,Friday,0,80.2
4,8.3,10:53,Friday,0,44.1
0,10.1,14:11,Sunday,0,0.0
2,17.2,13:56,Sunday,0,31.6
4,11.9,09:08,Wednesday,1,59.7
6,14.4,15:36,Sunday,0,87.1
1,15.3,14:19,Wednesday,1,35.3
7,8.7,17:49,Tuesday,0,55.6
7,9.5,13:31,Tuesday,0,81.4
5,14.3,11:16,Friday,0,97.4
5,10.1,09:11,Thursday,2,80.0
1,14.1,17:11,Saturday,1,23.1
5,17.0,08:22,Saturday,0,88.6
0,7.6,11:29,Thursday,0,4.7
2,10.9,13:18,Tuesday,0,31.6
5,11.4,13:41,Monday,0,61.8
6,10.4,13:49,Sunday,0,64.3
3,10.2,15:10,Wednesday,0,35.8
4,10.5,09:16,Monday,0,41.2
4,12.0,15:11,Wednesday,0,47.7
1,12.5,16:53,Saturday,2,39.8
4,14.9,08:18,Monday,0,75.0
1,11.9,08:21,Friday,0,13.7
3,15.4,17:54,Wednesday,0,44.6
3,10.2,11:07,Sunday,0,34.6
3,8.4,12:33,Thursday,1,35.7
5,11.1,11:06,Thursday,2,83.1
7,13.4,13:33,Thursday,1,128.3
2,14.6,15:06,Friday,1,44.9
1,16.4,15:35,Monday,0,19.4
6,12.9,11:33,Monday,0,120.9
5,14.3,10:36,Friday,0,79.4
4,16.1,13:27,Wednesday,1,109.9
3,9.7,11:50,Tuesday,0,40.3
3,11.4,14:13,Saturday,1,46.4
5,20.3,14:06,Saturday,0,84.9
4,14.6,16:56,Monday,0,74.6
3,13.5,08:02,Tuesday,1,43.3
8,14.7,09:01,Saturday,0,100.9
2,8.0,15:52,Thursday,0,19.2
4,10.1,13:50,Wednesday,1,69.0
0,9.0,08:37,Thursday,0,0.0
6,13.3,17:25,Wednesday,0,79.0
5,10.9,14:30,Monday,0,70.8
1,12.3,12:51,Friday,0,14.7
5,11.1,15:47,Friday,1,87.2
2,7.1,13:57,Monday,2,42.0
5,14.7,11:43,Tuesday,0,94.3
5,6.7,10:57,Friday,0,45.4
6,9.8,12:32,Saturday,0,62.4
4,8.1,12:45,Sunday,0,25.7
3,9.4,15:07,Friday,0,30.6
5,12.6,12:43,Monday,1,115.5
6,15.7,08:11,Wednesday,0,81.3
5,7.3,14:50,Tuesday,2,62.0
6,10.3,08:41,Sunday,0,52.9
3,6.8,16:27,Monday,1,30.9
5,10.2,15:04,Wednesday,0,48.2
4,12.2,13:58,Thursday,0,51.8
4,14.3,12:32,Wednesday,0,55.8
6,5.6,09:43,Saturday,0,35.9
6,13.7,14:32,Monday,1,139.6
6,9.1,09:05,Sunday,0,42.1
5,8.4,14:02,Wednesday,0,43.0
5,12.2,09:50,Wednesday,0,80.4
8,13.9,13:58,Sunday,0,117.3
4,11.7,09:30,Tuesday,1,63.8
5,8.7,08:56,Thursday,1,66.9
4,11.7,12:42,Monday,0,68.2
2,9.8,15:05,Thursday,0,24.5
2,13.8,10:23,Wednesday,1,42.0
7,15.2,12:58,Saturday,0,89.0
9,15.0,15:59,Thursday,0,124.0
4,11.9,13:29,Friday,0,77.4
5,15.4,13:58,Sunday,0,66.5
4,8.9,10:12,Sunday,1,42.0
8,17.3,09:14,Tuesday,0,171.9
4,8.9,09:29,Thursday,0,40.1
3,5.9,17:43,Saturday,0,15.7
8,16.1,08:51,Monday,0,159.0
5,9.9,09:30,Thursday,0,59.2
4,12.4,10:03,Thursday,0,49.3
6,8.9,15:52,Sunday,0,46.0
3,19.1,11:58,Monday,0,61.6
7,17.5,15:54,Sunday,0,78.9
4,16.6,12:11,Tuesday,0,73.8
3,12.3,15:56,Sunday,0,38.7
3,14.9,16:57,Friday,0,50.2
6,11.8,12:28,Wednesday,0,96.0
5,15.4,17:51,Monday,0,98.7
1,10.8,17:19,Wednesday,0,12.5
6,16.8,08:09,Saturday,0,77.0
4,10.6,13:38,Tuesday,0,56.0
3,11.0,14:34,Friday,1,57.7
3,10.6,16:25,Tuesday,0,48.2
4,12.6,14:44,Monday,0,67.5
3,10.8,14:52,Friday,0,44.7
3,13.5,10:53,Saturday,0,40.3
5,10.6,16:12,Sunday,1,51.2
2,14.4,08:37,Thursday,0,35.0
3,16.6,14:34,Friday,0,77.6
4,12.2,10:01,Friday,1,76.4
5,18.7,15:39,Wednesday,0,99.5
3,15.4,15:54,Monday,0,64.6
7,18.4,09:44,Tuesday,0,159.6
4,11.8,15:56,Wednesday,0,70.3
2,7.0,16:22,Friday,0,18.9
3,9.9,08:31,Wednesday,0,27.9
4,10.2,12:18,Tuesday,0,61.0
4,9.1,09:55,Sunday,0,37.8
8,5.4,09:15,Monday,1,69.3
6,15.1,16:02,Saturday,0,94.4
1,6.4,10:55,Monday,0,11.9
1,14.8,14:26,Wednesday,0,19.4
3,18.6,08:02,Saturday,0,48.2
2,9.7,08:47,Saturday,0,18.4
11,13.2,14:06,Wednesday,0,176.1
5,10.8,11:42,Monday,0,79.0
7,14.5,16:47,Sunday,0,91.4
4,8.4,08:49,Sunday,1,34.9
10,11.6,14:14,Thursday,1,153.5
10,15.4,15:01,Monday,2,254.1
4,11.9,14:06,Friday,0,48.7
8,7.1,14:48,Saturday,0,67.2
3,15.7,10:29,Saturday,0,49.6
3,8.1,15:40,Saturday,1,29.2
3,12.2,13:32,Sunday,0,39.8
6,13.7,15:52,Thursday,0,89.2
7,12.4,09:13,Tuesday,0,94.5
6,19.6,09:16,Friday,0,144.4
8,14.2,11:57,Tuesday,0,171.7
6,11.4,11:53,Friday,1,106.7
1,13.8,09:17,Tuesday,0,13.9
7,12.6,08:48,Monday,0,106.6
8,12.1,08:48,Thursday,1,133.4
6,12.7,08:31,Friday,1,106.7
5,10.7,08:19,Tuesday,0,68.0
3,12.6,16:04,Saturday,0,39.2
3,10.5,17:20,Friday,0,39.5
6,6.3,12:15,Saturday,0,51.4
4,15.4,09:52,Wednesday,0,58.1
5,10.3,11:17,Friday,0,84.2
8,12.4,16:11,Sunday,0,104.8
2,9.7,17:17,Tuesday,0,30.1
3,9.8,10:23,Saturday,0,25.0
4,8.9,08:18,Friday,1,52.6
5,14.8,11:05,Saturday,1,93.3
3,15.6,11:51,Friday,1,88.8
4,12.1,08:01,Friday,0,57.3
4,10.4,14:48,Saturday,0,44.9
4,6.9,09:14,Monday,0,38.7
3,14.4,08:49,Monday,1,71.5
7,10.0,15:11,Monday,0,90.2
2,8.6,15:42,Sunday,0,17.5
2,12.1,09:50,Thursday,0,25.8
1,11.0,15:41,Sunday,0,9.9
2,7.4,10:58,Sunday,0,10.0
3,7.9,11:04,Wednesday,0,28.6
4,13.0,09:13,Monday,0,59.4
5,10.0,10:15,Saturday,0,49.4
7,13.5,08:23,Wednesday,0,86.5
6,12.4,14:43,Wednesday,1,105.3
3,15.1,16:30,Saturday,0,49.6
4,9.5,08:29,Thursday,2,56.5
4,12.7,10:33,Wednesday,0,52.8
0,13.9,11:27,Wednesday,1,19.3
2,10.1,11:55,Sunday,1,34.1
3,15.4,16:14,Wednesday,0,55.5
2,7.0,08:25,Sunday,1,16.7
5,9.5,14:08,Friday,0,57.0
1,6.9,13:19,Monday,1,18.8
3,9.8,16:23,Monday,0,38.0
3,11.5,11:03,Friday,0,34.8
2,14.5,09:01,Monday,0,32.5
4,11.5,09:18,Tuesday,0,62.8
5,10.2,14:18,Thursday,0,64.3
4,7.4,13:27,Thursday,1,52.6
5,8.4,13:55,Sunday,1,57.3
4,12.9,09:22,Sunday,1,54.9
2,14.6,08:25,Sunday,0,24.0
3,10.7,13:39,Monday,0,50.8
4,15.6,08:48,Saturday,1,81.6
3,9.2,17:17,Sunday,1,37.3
3,10.8,16:01,Friday,0,39.2
1,11.1,09:47,Sunday,0,10.5
2,16.6,13:58,Saturday,0,33.6
2,12.4,09:19,Friday,1,43.4
4,6.6,17:21,Wednesday,2,39.0
6,14.9,13:53,Wednesday,0,109.4
12,17.5,11:10,Wednesday,0,249.2
2,11.3,14:48,Tuesday,1,40.5
4,9.3,08:01,Friday,0,46.0
2,14.6,10:52,Thursday,0,28.7
0,17.9,10:20,Wednesday,0,1.0
4,14.5,11:27,Tuesday,0,66.4
4,7.1,08:51,Thursday,1,34.5
6,14.3,17:40,Monday,0,95.9
1,13.2,12:40,Wednesday,0,17.9
4,9.1,16:33,Monday,1,43.5
4,15.9,08:35,Wednesday,0,70.5
3,13.3,16:26,Friday,0,47.6
1,15.9,14:31,Friday,0,17.5
2,8.8,14:47,Monday,0,25.1
3,13.2,16:03,Friday,1,54.0
6,9.3,13:15,Wednesday,0,69.4
5,12.7,14:20,Thursday,0,66.2
2,16.4,16:59,Friday,0,48.2
5,7.7,09:15,Monday,0,54.5
4,7.9,08:33,Tuesday,0,37.1
3,14.9,17:49,Tuesday,1,58.2
7,12.0,16:48,Wednesday,0,89.6
4,15.5,13:08,Monday,0,87.0
5,9.6,15:48,Monday,0,65.7
1,12.2,16:49,Thursday,0,14.7
9,14.1,12:40,Monday,0,186.0
2,12.6,08:58,Thursday,1,43.7
3,6.6,12:48,Tuesday,0,25.6
2,20.5,11:30,Sunday,1,63.1
5,12.6,08:13,Monday,1,86.1
4,8.0,17:35,Thursday,0,29.3
1,12.9,15:09,Thursday,0,21.0
2,13.3,15:51,Saturday,1,41.8
5,15.0,13:58,Monday,0,126.9
1,14.8,10:41,Sunday,0,13.2
1,11.4,13:50,Wednesday,0,21.3
1,6.8,14:48,Monday,0,9.7
6,13.4,13:58,Saturday,0,98.3
5,7.1,09:16,Thursday,1,47.5
1,15.6,16:08,Friday,0,19.3
1,9.8,10:58,Sunday,0,9.1
7,13.9,11:58,Wednesday,0,113.1
5,10.0,13:30,Sunday,1,68.9
1,10.5,17:46,Sunday,1,18.0
3,9.6,11:07,Thursday,0,38.3
6,14.1,08:25,Saturday,0,89.3
3,10.1,17:43,Monday,1,58.6
5,14.3,17:34,Friday,0,85.5
4,10.2,09:58,Monday,0,44.8
2,11.3,16:17,Thursday,0,24.6
1,12.1,17:11,Saturday,2,33.6
5,12.5,08:07,Monday,0,76.6
2,9.2,15:32,Wednesday,0,25.6
3,14.1,09:47,Wednesday,0,55.5
4,11.2,16:16,Tuesday,0,52.5
6,13.6,08:12,Thursday,0,117.3
4,12.0,14:54,Saturday,0,46.4
7,13.8,16:10,Sunday,1,96.2
2,10.8,08:21,Sunday,1,22.5
7,9.6,15:34,Sunday,2,61.1
3,13.3,09:11,Tuesday,0,39.4
5,10.5,08:47,Monday,1,89.0
5,16.4,17:12,Tuesday,0,103.1
4,12.2,17:13,Sunday,0,36.2
4,7.9,15:24,Tuesday,1,49.4
2,10.2,16:54,Saturday,0,21.8
3,9.0,08:10,Wednesday,0,20.6
3,15.2,13:07,Friday,0,72.1
2,14.3,16:42,Saturday,0,31.7
4,11.8,16:55,Sunday,0,47.6
4,12.9,11:40,Monday,1,102.4
5,11.7,11:14,Wednesday,1,63.7
4,14.6,14:59,Monday,1,98.2
7,13.6,08:36,Wednesday,0,120.9
4,14.1,15:48,Wednesday,0,65.4
5,11.4,10:29,Sunday,0,60.1
4,10.1,13:12,Friday,0,61.8
4,14.0,09:55,Monday,0,79.8
7,16.7,15:20,Thursday,0,133.6
3,15.3,17:33,Friday,0,56.0
4,16.7,13:24,Saturday,1,67.8
7,12.5,17:30,Saturday,0,86.7
4,9.1,12:01,Tuesday,1,64.1
6,9.4,10:51,Sunday,1,64.0
4,16.1,16:23,Sunday,0,69.7
2,6.4,08:22,Tuesday,1,22.6
3,16.5,10:48,Friday,0,63.1
4,9.6,14:54,Friday,0,59.3
5,17.8,09:53,Sunday,0,68.7
1,11.8,16:54,Monday,0,19.2
2,14.2,12:49,Tuesday,0,42.8
5,19.2,10:27,Sunday,0,102.1
9,11.0,11:42,Monday,0,133.9
3,11.0,10:50,Thursday,2,68.2
4,9.9,15:00,Wednesday,1,53.5
6,9.0,09:05,Friday,0,58.2
2,11.0,16:32,Thursday,0,25.2
2,10.3,09:29,Saturday,0,17.0
2,8.2,10:49,Monday,0,21.9
3,11.4,14:16,Thursday,1,48.4
2,13.3,11:32,Thursday,0,35.2
0,9.3,13:06,Thursday,1,16.5
3,11.5,13:41,Monday,2,101.3
4,16.2,10:35,Thursday,0,66.6
5,7.7,13:20,Sunday,0,33.7
5,17.8,17:23,Friday,0,100.7
3,10.0,08:01,Monday,1,53.7
6,12.6,13:57,Saturday,0,78.5
9,15.8,11:12,Sunday,0,160.9
6,16.8,16:37,Saturday,0,105.5
3,13.4,08:57,Monday,0,41.0
2,9.9,08:36,Monday,0,25.3
6,9.7,12:02,Tuesday,0,65.5
8,10.3,14:44,Wednesday,1,105.8
1,17.7,08:03,Sunday,0,14.2
4,10.9,16:06,Thursday,0,55.3
8,13.0,11:21,Sunday,1,115.0
4,8.9,17:12,Monday,0,42.7
2,8.5,17:03,Saturday,0,22.6
0,12.1,15:38,Saturday,0,0.0
3,11.0,15:22,Sunday,2,55.5
2,11.2,14:00,Thursday,0,30.4
6,7.6,15:56,Friday,0,56.9
1,11.8,09:46,Monday,0,13.1
4,16.6,16:10,Sunday,0,52.5
2,9.4,13:39,Friday,0,26.9
3,14.7,15:49,Friday,0,61.4
4,5.0,12:56,Wednesday,0,25.2
10,9.6,14:18,Monday,0,118.0
7,6.3,11:24,Saturday,0,46.2
6,15.7,12:14,Saturday,0,122.5
9,14.6,11:38,Tuesday,0,151.9
3,8.9,15:24,Saturday,0,26.0
5,12.9,10:00,Monday,0,86.9
6,15.6,17:18,Friday,1,144.6
3,16.1,16:17,Monday,0,60.0
3,10.8,16:37,Saturday,0,33.7
5,5.4,17:08,Thursday,0,35.5
2,9.3,12:21,Wednesday,1,29.0
4,14.3,16:55,Saturday,1,54.4
2,18.3,12:26,Saturday,0,38.8
2,11.8,09:00,Friday,0,31.3
6,10.2,08:29,Saturday,0,60.2
3,19.2,08:38,Monday,0,82.2
3,13.2,09:52,Saturday,0,29.1
3,8.3,11:35,Friday,0,33.8
4,11.6,17:47,Tuesday,0,33.2
3,15.0,10:24,Thursday,0,62.5
5,11.8,17:07,Friday,0,79.4
1,14.4,16:06,Saturday,1,27.1
6,7.2,16:36,Thursday,0,34.1
5,7.7,15:50,Tuesday,0,46.3
3,9.8,17:43,Tuesday,0,38.5
3,11.2,09:11,Saturday,0,34.3
6,13.0,12:47,Sunday,0,100.9
4,13.9,11:25,Friday,1,87.0
4,19.4,10:50,Saturday,0,103.6
4,9.8,12:28,Friday,0,40.0
4,11.1,12:48,Thursday,0,51.0
1,9.9,17:51,Wednesday,0,7.0
5,15.2,10:38,Thursday,0,99.9
7,15.4,17:07,Monday,0,118.3
3,10.7,09:40,Friday,0,43.5
4,18.2,14:39,Tuesday,0,101.5
3,9.9,11:03,Sunday,0,29.8
6,15.1,17:36,Saturday,0,82.8
1,16.4,14:20,Thursday,0,17.2
4,7.9,08:38,Friday,0,39.5
3,13.7,17:14,Monday,0,49.3
4,5.0,10:56,Friday,0,27.8
4,14.5,17:16,Saturday,0,67.6
5,8.7,08:08,Thursday,0,45.0
8,13.7,10:11,Sunday,2,156.5
2,14.3,10:47,Monday,0,40.3
3,15.4,14:52,Sunday,1,65.7
6,14.7,15:58,Wednesday,0,85.4
2,12.2,14:18,Monday,0,32.2
3,10.9,08:37,Friday,0,34.2
3,11.8,12:20,Friday,0,53.8
6,8.7,12:56,Monday,0,72.7
4,11.4,11:35,Wednesday,0,60.6
5,11.1,12:11,Sunday,0,55.5
2,9.6,12:49,Tuesday,0,24.5
2,6.8,13:32,Monday,0,15.3
2,8.2,14:18,Saturday,0,11.6
3,5.0,10:06,Friday,0,17.5
7,11.1,17:01,Thursday,0,83.4
3,13.1,16:16,Wednesday,1,53.4
4,5.0,15:51,Sunday,0,19.3
7,12.7,16:03,Sunday,0,109.3
1,11.6,13:15,Monday,0,21.5
6,8.5,17:31,Saturday,0,47.3
7,10.7,11:39,Thursday,0,93.2
7,15.2,12:11,Wednesday,1,163.2
1,9.1,16:09,Wednesday,0,11.3
2,12.2,16:41,Thursday,1,44.9
2,13.0,12:29,Friday,0,35.4
5,9.5,16:28,Sunday,0,44.1
3,15.0,14:19,Monday,0,59.6
1,13.2,11:52,Friday,0,18.3
3,11.2,17:03,Monday,1,42.0
6,19.1,13:01,Monday,0,170.0
5,15.0,16:29,Wednesday,0,62.0
6,6.9,16:07,Saturday,0,42.5
4,10.8,08:57,Wednesday,1,52.1
2,19.4,16:42,Wednesday,0,51.0
6,9.1,09:37,Sunday,0,50.3
4,12.2,16:08,Tuesday,1,73.8
7,15.7,15:33,Saturday,0,117.1
2,14.0,15:22,Saturday,0,24.6
2,14.4,17:12,Friday,0,38.1
4,14.2,14:00,Sunday,0,62.5
2,12.1,11:23,Sunday,0,21.7
4,9.6,13:55,Monday,1,61.2
5,13.3,14:57,Tuesday,1,96.3
4,10.8,11:38,Wednesday,1,65.3
5,10.6,10:32,Friday,0,56.7
4,16.4,12:53,Tuesday,2,122.7
6,10.9,16:58,Friday,0,69.7
3,17.1,14:18,Sunday,0,48.9
2,12.8,16:58,Monday,2,63.4
6,11.5,12:45,Sunday,0,74.1
4,6.5,17:28,Thursday,0,28.5
4,18.4,15:54,Sunday,0,72.3
2,12.0,11:32,Friday,0,31.7
3,5.2,12:28,Monday,1,29.1
6,15.0,17:58,Sunday,1,99.8
9,11.8,17:32,Monday,0,88.5
3,9.2,12:06,Tuesday,0,34.4
1,14.8,16:20,Thursday,0,15.1
1,5.0,17:05,Sunday,1,9.1
6,9.9,10:31,Tuesday,1,78.8
4,11.1,13:10,Thursday,1,73.9
5,14.6,15:34,Monday,0,106.1
5,18.7,08:46,Wednesday,0,82.8
6,11.3,16:03,Tuesday,0,83.8
4,13.4,10:06,Wednesday,0,51.7
1,20.2,12:47,Friday,1,56.0
4,12.0,11:45,Saturday,0,46.9
3,13.4,15:24,Friday,0,45.0
2,8.3,10:19,Monday,0,17.1
6,17.9,12:39,Saturday,1,131.1
6,9.9,10:39,Friday,0,63.3
0,12.8,08:32,Monday,0,0.0
6,12.7,16:26,Sunday,0,71.1
3,12.3,10:14,Saturday,0,41.7
3,10.7,10:19,Friday,0,41.3
4,12.7,08:28,Thursday,0,44.0
4,17.3,13:01,Saturday,1,90.0
2,18.8,10:41,Wednesday,2,97.1
4,11.5,13:39,Saturday,0,47.6
3,10.7,15:14,Friday,0,41.5
3,9.6,08:27,Friday,0,30.7
4,20.1,10:00,Saturday,0,73.9
5,12.4,11:54,Tuesday,1,88.9
5,15.3,16:47,Monday,0,105.2
6,14.1,09:05,Thursday,0,102.2
2,18.6,15:26,Saturday,0,34.2
3,11.3,17:32,Tuesday,0,42.1
4,8.7,08:46,Thursday,0,30.5
7,17.6,11:19,Sunday,1,133.0
4,14.7,15:41,Friday,0,60.1
4,13.4,17:21,Monday,1,72.2
2,16.6,10:28,Sunday,0,24.4
9,13.5,14:25,Sunday,0,107.3
5,16.7,15:18,Friday,0,111.8
6,12.7,12:02,Friday,0,98.4
2,14.7,14:41,Friday,0,34.9
8,13.6,13:29,Friday,0,139.4
5,11.0,17:22,Wednesday,0,42.9
4,11.4,13:23,Friday,0,63.6
1,10.8,13:09,Thursday,0,6.8
6,12.8,14:41,Saturday,0,71.0
3,10.6,09:31,Saturday,0,30.2
2,13.3,13:18,Friday,1,55.0
3,13.2,08:30,Sunday,2,59.5
4,12.6,14:16,Thursday,0,61.6
5,12.7,13:20,Saturday,0,81.1
3,10.3,16:23,Wednesday,0,44.3
4,11.2,15:58,Saturday,2,65.6
1,7.0,12:19,Tuesday,1,18.0
5,11.6,14:35,Friday,0,73.0
1,9.0,11:01,Monday,1,23.2
3,12.3,11:52,Saturday,2,67.9
5,9.9,08:46,Wednesday,0,63.3
9,5.8,09:00,Tuesday,1,45.9
3,18.8,16:11,Wednesday,0,62.8
4,11.3,17:43,Wednesday,0,58.6
3,16.3,12:53,Monday,0,73.4
3,10.4,09:16,Thursday,0,36.8
2,17.1,08:53,Monday,0,34.9
6,8.5,08:27,Thursday,2,81.0
6,12.5,16:47,Wednesday,0,95.0
4,8.7,12:25,Friday,0,46.7
4,19.8,16:48,Tuesday,0,84.7
4,11.3,11:37,Sunday,0,47.1
5,14.5,13:52,Monday,1,110.4
5,13.4,14:44,Saturday,2,79.8
3,11.9,08:30,Wednesday,2,71.6
3,13.6,14:48,Saturday,0,48.4
2,16.1,15:59,Friday,0,35.3
0,14.0,08:13,Saturday,1,9.2
4,12.5,08:35,Thursday,0,47.6
6,13.6,13:13,Saturday,0,88.8
3,17.7,17:42,Friday,0,50.7
3,10.7,17:43,Friday,0,42.5
5,6.4,09:05,Friday,0,35.2
7,8.7,15:36,Tuesday,1,89.5
1,8.9,15:55,Saturday,0,6.5
4,9.4,16:46,Saturday,0,38.7
3,9.5,08:26,Saturday,3,57.7
6,11.9,17:43,Tuesday,0,62.6
2,12.7,16:13,Wednesday,0,26.5
2,12.7,14:04,Saturday,0,26.1
7,9.8,08:40,Tuesday,0,73.0
4,15.0,10:24,Monday,0,88.6
4,13.6,11:27,Wednesday,0,61.5
3,16.7,16:34,Thursday,0,61.8
5,14.5,15:36,Sunday,0,73.4
4,11.0,17:24,Wednesday,1,58.5
2,15.9,12:13,Tuesday,0,45.1
2,12.8,17:10,Friday,0,23.6
4,14.4,16:57,Sunday,0,50.4
4,14.2,08:11,Saturday,1,56.1
6,11.6,10:23,Friday,0,84.7
3,12.3,15:59,Monday,0,46.3
4,11.6,14:39,Friday,0,59.6
7,9.4,10:13,Monday,0,88.5
1,5.6,15:48,Saturday,0,5.9
3,9.9,11:09,Sunday,0,29.5
7,12.6,14:01,Friday,0,122.0
3,15.3,17:20,Tuesday,1,58.2
1,14.4,10:23,Wednesday,0,18.4
6,11.2,08:33,Saturday,0,46.5
5,10.0,14:36,Saturday,0,30.6
5,11.5,15:17,Saturday,0,74.8
3,9.1,11:07,Monday,1,45.2
4,5.7,12:41,Saturday,1,28.1
7,7.4,13:00,Sunday,0,37.1
3,16.1,16:09,Monday,0,60.3
2,17.6,14:55,Thursday,0,43.4
3,14.3,10:43,Saturday,0,44.8
4,11.8,10:43,Thursday,0,47.6
3,7.8,11:14,Sunday,1,28.2
3,11.5,09:27,Friday,0,42.7
3,13.8,09:20,Wednesday,0,47.9
4,14.5,16:10,Friday,0,70.7
7,14.1,16:19,Friday,0,128.6
7,15.6,10:36,Saturday,0,108.1
3,17.8,16:30,Tuesday,1,99.2
5,10.8,13:42,Sunday,0,51.3
1,20.4,15:07,Sunday,1,43.3
3,5.9,16:48,Tuesday,2,37.9
0,9.7,11:05,Tuesday,0,0.0
2,12.6,14:37,Wednesday,0,32.3
0,13.6,11:05,Wednesday,0,0.0
6,11.5,17:01,Tuesday,1,80.6
7,10.5,10:59,Tuesday,1,100.6
2,18.6,14:15,Friday,0,48.9
3,10.4,09:54,Sunday,0,21.2
7,8.9,11:41,Monday,1,101.3
0,17.1,11:30,Thursday,0,0.0
4,14.5,15:30,Tuesday,1,101.2
3,15.3,10:51,Tuesday,1,70.8
7,12.6,11:16,Friday,1,146.1
4,7.9,08:05,Monday,0,40.4
7,12.3,11:09,Monday,0,118.6
1,7.5,10:43,Sunday,0,10.9
2,12.7,13:26,Thursday,0,39.1
3,14.0,12:01,Monday,0,58.3
5,15.2,17:48,Sunday,0,56.7
1,11.7,13:27,Friday,0,16.6
1,14.2,08:43,Saturday,1,20.3
6,9.3,16:05,Friday,0,56.2
6,14.9,08:31,Thursday,1,133.3
4,14.0,16:22,Saturday,1,73.5
2,9.6,12:03,Wednesday,0,21.2
4,13.6,08:37,Friday,1,109.4
3,15.3,17:46,Sunday,0,29.7
4,12.2,12:57,Saturday,0,56.6
8,9.5,16:32,Thursday,0,76.6
1,12.5,12:12,Monday,0,23.2
4,13.7,12:36,Monday,1,92.6
4,9.5,11:37,Thursday,0,45.0
3,9.0,11:41,Friday,0,27.4
5,13.6,15:56,Monday,0,111.3
2,14.5,08:18,Wednesday,0,28.4
2,18.4,12:53,Wednesday,0,48.8
2,14.0,10:39,Thursday,0,33.2
4,8.4,13:34,Thursday,0,38.9
2,18.1,10:09,Tuesday,2,64.0
2,15.2,11:29,Friday,0,37.8
4,6.0,13:19,Thursday,0,28.9
7,8.9,15:25,Sunday,0,61.9
5,10.5,17:27,Wednesday,0,73.9
5,14.5,10:25,Sunday,0,75.1
4,5.0,12:49,Sunday,0,22.6
4,11.6,11:29,Wednesday,1,68.4
2,14.3,14:03,Wednesday,0,29.8
3,5.0,11:39,Friday,0,18.5
5,14.2,08:58,Thursday,0,70.6
1,14.6,14:08,Friday,0,18.7
3,9.5,08:21,Tuesday,0,29.9
2,8.5,08:25,Sunday,0,9.7
3,9.4,16:50,Friday,0,38.3
4,5.0,16:42,Monday,0,25.3
5,11.0,13:37,Tuesday,0,69.3
6,12.7,08:10,Friday,0,72.6
0,8.3,11:25,Wednesday,0,0.0
11,14.9,11:27,Wednesday,1,195.1
0,12.3,15:12,Friday,1,11.8
3,12.8,16:07,Wednesday,0,44.9
8,10.8,11:32,Sunday,0,78.4
4,14.2,12:13,Friday,0,80.6
3,15.9,10:14,Wednesday,0,52.9
2,10.8,15:16,Tuesday,0,27.2
1,14.3,11:29,Wednesday,0,17.7
6,14.3,15:03,Monday,0,123.3
4,13.3,15:04,Monday,0,66.3
3,17.0,09:33,Saturday,0,56.0
2,9.8,16:51,Saturday,0,15.0
1,10.7,16:14,Monday,0,14.2
1,9.7,13:49,Thursday,0,8.4
11,14.2,08:51,Wednesday,0,168.2
2,11.2,09:40,Friday,0,29.6
1,9.9,08:55,Friday,0,13.1
4,17.0,12:38,Saturday,0,82.9
3,17.4,10:39,Friday,0,62.6
2,11.0,16:18,Tuesday,0,29.3
7,7.9,12:21,Friday,0,66.5
1,17.6,12:31,Saturday,1,34.9
8,13.4,17:13,Sunday,0,95.9
1,13.3,13:46,Friday,0,19.8
4,12.3,11:52,Wednesday,0,56.7
4,9.6,17:50,Thursday,0,45.0
3,10.8,12:37,Monday,1,63.3
4,14.0,13:47,Friday,0,76.0
4,10.7,11:49,Monday,0,54.9
6,13.3,14:41,Tuesday,0,97.0
6,12.0,15:45,Thursday,0,83.1
5,8.8,14:17,Thursday,0,56.4
2,16.9,10:29,Wednesday,0,35.6
5,13.8,17:25,Friday,0,65.1
3,13.0,13:07,Sunday,0,26.5
4,13.7,16:15,Sunday,0,55.9
3,6.6,08:05,Thursday,0,24.0
4,10.5,13:10,Thursday,0,39.9
3,7.4,17:21,Thursday,1,32.6
3,12.4,14:52,Sunday,0,33.7
7,13.0,09:08,Sunday,0,97.2
2,12.4,15:05,Monday,0,33.4
5,15.5,08:09,Saturday,2,107.6
5,7.5,11:41,Monday,0,50.6
4,9.6,10:22,Friday,0,43.2
2,13.2,10:31,Wednesday,1,51.4
4,12.8,08:24,Thursday,0,63.4
4,8.1,14:10,Saturday,0,27.6
3,15.6,15:25,Tuesday,0,66.0
5,16.6,10:55,Monday,1,122.7
2,13.3,13:52,Thursday,1,35.4
4,7.5,12:58,Saturday,0,31.8
7,12.5,17:55,Monday,1,129.8
3,13.0,16:07,Wednesday,1,47.8
5,11.2,17:27,Thursday,0,43.9
4,16.0,16:14,Tuesday,0,72.0
4,11.7,14:34,Saturday,1,54.8
3,18.3,08:42,Friday,0,74.2
3,14.3,16:34,Thursday,1,64.5
2,12.8,15:36,Monday,1,56.1
8,14.8,10:49,Monday,1,186.3
7,16.6,10:41,Tuesday,0,172.0
2,14.7,13:14,Monday,1,57.4
4,11.8,10:49,Thursday,0,55.5
4,10.0,17:42,Sunday,0,25.0
3,8.6,09:56,Saturday,0,28.4
0,5.0,09:32,Tuesday,1,9.3
8,12.5,08:26,Tuesday,0,126.6
2,10.8,13:31,Thursday,0,26.6
5,11.0,15:24,Saturday,0,42.9
5,15.1,13:51,Saturday,1,94.2
4,11.7,10:04,Thursday,0,49.2
0,17.7,17:14,Tuesday,1,23.1
3,10.3,11:47,Thursday,0,36.0
3,9.1,09:24,Saturday,1,32.2
4,8.2,09:54,Sunday,0,40.9
3,14.2,12:22,Monday,0,65.9
4,15.5,13:26,Saturday,0,75.5
4,10.2,14:00,Saturday,0,39.8
8,8.8,08:43,Tuesday,0,69.1
4,16.6,16:40,Monday,0,95.9
2,7.6,11:21,Wednesday,0,23.1
1,15.0,10:35,Tuesday,0,14.8
4,10.3,14:52,Monday,0,53.9
2,13.2,14:08,Tuesday,1,45.8
2,15.2,17:55,Tuesday,1,54.4
2,13.4,12:06,Sunday,0,31.0
2,11.1,09:49,Monday,0,28.0
3,16.2,17:43,Thursday,0,49.4
2,12.9,12:49,Wednesday,0,24.6
3,23.0,14:36,Saturday,0,61.6
5,6.9,08:25,Thursday,1,53.9
2,6.8,11:21,Friday,0,18.9
7,15.0,17:52,Wednesday,0,126.5
1,11.9,17:38,Saturday,0,9.8
7,14.4,17:50,Friday,1,124.3
9,8.7,16:14,Thursday,0,89.5
5,12.2,13:00,Wednesday,0,79.0
5,13.4,13:43,Thursday,1,116.3
4,10.4,08:44,Tuesday,1,54.2
5,12.7,15:55,Friday,1,90.8
5,7.9,15:29,Wednesday,0,41.9
6,13.2,15:04,Wednesday,0,71.3
4,16.3,11:49,Thursday,0,89.5
5,8.3,10:39,Sunday,1,60.1
2,8.1,16:05,Thursday,1,30.7
4,15.6,17:44,Sunday,0,55.5
2,8.1,12:14,Thursday,0,25.6
1,14.5,08:33,Monday,0,19.5
5,12.2,17:00,Friday,0,77.7
8,10.7,14:53,Sunday,0,84.7
4,16.4,14:42,Sunday,0,66.5
1,14.8,17:26,Tuesday,0,16.4
1,12.8,14:42,Tuesday,0,18.8
7,5.5,14:10,Friday,0,43.8
5,14.1,15:06,Thursday,0,89.0
4,8.8,12:50,Saturday,1,41.0
3,11.3,10:52,Thursday,0,43.2
7,12.0,10:31,Tuesday,1,153.5
2,17.7,15:15,Wednesday,0,45.8
5,11.2,10:25,Monday,0,85.7
5,7.7,17:18,Wednesday,1,56.8
4,16.4,12:01,Saturday,0,46.1
6,14.2,14:20,Tuesday,0,107.9
6,14.3,08:25,Thursday,0,98.2
4,16.5,12:29,Tuesday,0,65.6
2,17.2,11:59,Thursday,0,41.0
6,9.3,15:32,Sunday,0,51.9
4,7.8,08:33,Saturday,1,28.8
8,14.5,12:01,Saturday,0,105.3
6,11.2,16:34,Tuesday,1,108.3
8,11.5,14:41,Wednesday,0,62.1
2,8.6,15:46,Monday,1,35.7
2,13.8,15:37,Sunday,0,30.5
9,13.2,14:37,Sunday,1,127.9
5,11.5,11:54,Wednesday,0,83.4
7,7.8,11:59,Friday,0,67.7
1,15.6,08:30,Tuesday,0,15.0
6,12.8,09:56,Friday,0,92.3
5,15.4,13:34,Monday,0,105.5
4,5.7,16:57,Wednesday,0,23.2
4,12.2,14:07,Wednesday,0,58.7
5,9.8,11:52,Sunday,1,51.3
1,12.1,16:19,Thursday,0,11.2
11,14.8,12:29,Tuesday,0,186.0
4,13.1,10:35,Monday,0,74.5
6,12.1,08:48,Tuesday,0,72.2
5,12.0,16:17,Tuesday,0,60.7
7,7.3,14:09,Wednesday,0,54.9
6,9.3,13:48,Monday,0,81.2
5,15.4,15:12,Saturday,0,85.5
3,10.5,14:03,Wednesday,0,42.4
3,15.4,11:30,Tuesday,1,81.1
9,14.5,14:10,Thursday,1,189.9
3,14.6,09:24,Wednesday,0,48.9
3,13.0,10:57,Friday,1,69.0
4,10.7,13:22,Thursday,1,70.3
2,11.5,08:41,Sunday,1,26.4
4,13.9,16:13,Friday,0,57.7
5,5.6,08:26,Wednesday,0,36.0
6,15.7,11:43,Tuesday,0,123.5
5,10.5,12:32,Monday,0,83.6
3,11.7,14:48,Friday,1,51.8
4,11.8,09:32,Monday,0,58.2
6,11.9,16:12,Wednesday,1,77.7
9,8.1,12:15,Monday,0,110.7
6,12.5,10:30,Wednesday,1,94.6
6,13.8,08:59,Sunday,0,66.0
10,5.9,17:15,Monday,0,90.9
6,8.1,12:02,Sunday,0,53.0
5,14.7,11:48,Sunday,1,95.4
2,14.1,09:48,Sunday,0,20.7
5,12.9,13:03,Friday,0,66.7
3,10.0,11:11,Tuesday,1,56.3
8,14.1,09:39,Monday,1,123.3
8,8.4,15:31,Sunday,0,58.1
3,11.6,16:58,Wednesday,0,34.1
4,8.1,11:31,Thursday,0,35.0
1,11.5,10:51,Monday,0,14.5
6,8.9,11:44,Monday,0,67.1
4,14.3,17:14,Thursday,0,51.9
3,13.3,13:50,Wednesday,1,68.0
3,10.3,09:39,Friday,0,41.7
1,15.3,14:19,Saturday,0,10.7
5,9.1,12:00,Monday,2,92.8
0,11.9,08:10,Sunday,1,11.8
4,10.2,17:41,Sunday,0,37.6
2,14.2,09:08,Friday,0,32.2
5,13.9,12:08,Wednesday,1,96.1
5,15.9,14:34,Tuesday,0,110.7
8,12.2,13:51,Tuesday,0,132.5
4,5.0,08:02,Friday,1,20.8
4,10.7,14:04,Monday,2,89.1
6,16.7,15:16,Sunday,1,112.0
3,11.0,16:29,Tuesday,0,33.7
7,6.2,09:50,Saturday,0,40.9
3,13.3,08:22,Saturday,0,39.6
4,13.6,17:26,Wednesday,0,52.1
7,9.8,14:48,Thursday,0,85.5
3,11.3,12:32,Friday,1,52.3
4,9.5,15:15,Saturday,0,31.2
1,13.6,09:34,Monday,0,19.5
3,12.2,17:35,Tuesday,0,47.7
4,8.5,14:32,Tuesday,1,46.9
2,12.0,16:46,Wednesday,1,45.1
3,9.8,13:34,Friday,0,38.4
5,16.4,16:00,Wednesday,0,67.1
3,14.7,11:16,Thursday,1,58.5
4,11.6,09:19,Thursday,0,56.3
7,12.2,11:32,Monday,1,113.8
3,15.0,16:58,Monday,1,70.8
5,11.5,14:58,Tuesday,1,86.0
2,14.3,12:33,Monday,0,42.9
2,16.4,10:21,Saturday,1,50.4
6,10.5,13:58,Sunday,1,90.3
3,16.9,13:55,Thursday,0,56.7
7,16.1,13:18,Friday,1,170.4
2,12.7,15:22,Monday,0,36.4
2,10.7,10:25,Monday,0,31.1
6,12.7,13:06,Friday,0,112.1
4,11.3,11:05,Saturday,0,43.2
3,9.6,10:03,Sunday,0,29.5
4,13.6,11:19,Wednesday,2,87.7
4,8.9,16:01,Wednesday,1,50.8
2,11.0,09:08,Saturday,0,22.4
8,11.0,10:45,Monday,0,133.5
4,7.9,13:19,Sunday,1,42.9
5,14.0,12:00,Wednesday,0,87.4
3,11.3,16:16,Monday,0,44.0
3,15.9,15:47,Saturday,0,51.0
1,11.3,14:46,Sunday,1,29.2
4,10.8,10:49,Thursday,0,56.9
7,9.3,08:12,Tuesday,0,76.7
3,12.1,11:08,Tuesday,0,38.6
7,12.1,14:00,Wednesday,0,94.2
6,14.2,09:00,Thursday,0,90.0
6,12.2,16:14,Friday,0,97.6
4,18.3,17:51,Friday,0,71.7
2,13.4,15:22,Saturday,1,44.2
7,9.0,12:08,Tuesday,0,83.5
2,8.8,15:58,Tuesday,0,22.3
10,13.6,10:43,Sunday,0,124.8
3,8.9,17:32,Monday,1,41.2
1,13.8,11:39,Thursday,1,29.8
1,14.7,14:53,Wednesday,0,19.5
3,14.8,08:11,Saturday,0,39.7
2,9.4,14:18,Wednesday,0,19.8
5,14.8,10:57,Monday,0,104.2
4,13.0,09:01,Wednesday,0,83.9
4,10.2,12:20,Monday,0,57.0
3,11.5,09:03,Tuesday,0,48.7
3,13.4,09:51,Thursday,0,30.4
5,10.0,16:57,Sunday,0,42.1
7,12.9,08:38,Tuesday,0,116.0
4,16.3,14:14,Saturday,0,68.4
9,14.9,08:36,Thursday,1,147.3
4,12.2,15:10,Sunday,1,58.1
3,12.7,17:46,Thursday,1,61.9
7,10.4,12:17,Monday,0,127.3
3,10.5,17:40,Wednesday,1,51.7
6,7.4,14:24,Monday,2,78.7
7,12.8,13:57,Tuesday,0,112.9
5,14.0,09:42,Thursday,0,77.5
2,11.8,17:31,Sunday,0,17.3
5,9.4,16:36,Friday,0,54.0
2,12.2,09:19,Wednesday,0,26.3
3,16.0,08:17,Friday,0,45.5
3,14.7,11:35,Tuesday,1,82.9
4,11.9,09:35,Monday,0,65.0
6,18.1,11:21,Saturday,0,102.0
6,20.1,17:35,Saturday,0,113.1
4,10.6,16:37,Friday,0,43.6
6,11.3,12:24,Thursday,0,78.5
1,14.1,10:45,Thursday,0,18.8
4,9.3,13:46,Wednesday,0,48.6
4,14.5,17:22,Sunday,0,46.1
2,12.3,15:54,Thursday,1,44.4
5,13.1,16:40,Sunday,0,57.9
5,10.3,15:36,Monday,0,61.5
3,9.6,13:02,Wednesday,0,35.4
5,6.0,09:24,Tuesday,0,37.6
9,16.5,16:11,Monday,0,201.3
5,14.8,14:30,Sunday,0,53.5
2,14.0,15:43,Monday,0,38.3
4,13.0,15:20,Thursday,0,62.0
3,5.1,10:27,Tuesday,1,19.3
4,9.7,10:51,Monday,0,48.8
3,11.2,16:33,Sunday,0,32.8
1,8.8,12:04,Wednesday,0,15.0
4,6.9,09:46,Wednesday,0,24.8
9,9.1,14:25,Tuesday,0,116.8
4,12.1,10:58,Friday,0,47.5
2,12.1,14:25,Sunday,0,28.9
3,14.7,13:54,Wednesday,0,53.1
0,18.2,14:37,Saturday,0,0.0
1,14.1,17:56,Wednesday,0,16.0
3,11.5,10:46,Thursday,0,36.0
4,17.4,17:45,Saturday,1,85.9
1,7.3,15:38,Sunday,0,6.4
6,5.8,16:33,Friday,0,21.0
6,9.3,16:01,Wednesday,0,57.7
4,14.4,08:13,Thursday,0,63.5
2,12.5,13:02,Sunday,0,29.0
2,8.6,09:03,Wednesday,0,20.0
3,9.8,14:44,Thursday,0,40.3
7,8.3,08:35,Saturday,0,45.7
4,8.3,08:19,Saturday,0,33.8
2,16.7,17:04,Thursday,0,40.3
1,11.6,17:10,Sunday,1,14.6
6,17.3,14:14,Sunday,0,119.3
5,9.3,12:35,Thursday,0,60.5
2,13.5,16:17,Tuesday,0,31.0
8,12.7,17:38,Tuesday,0,110.0
4,14.6,08:32,Monday,0,63.8
3,12.8,09:02,Tuesday,0,48.0
2,15.0,17:03,Monday,0,39.2
3,13.7,08:59,Wednesday,0,48.8
4,8.7,15:08,Sunday,2,50.6
1,14.2,13:32,Tuesday,0,19.2
6,11.7,13:12,Wednesday,0,84.5
2,9.7,08:58,Wednesday,0,24.5
5,14.1,15:17,Thursday,0,90.0
3,14.8,14:01,Thursday,1,74.5
3,10.5,17:17,Friday,0,35.6
6,10.9,12:48,Monday,0,77.0
6,7.8,17:07,Wednesday,0,37.6
3,6.6,09:50,Sunday,1,22.6
3,11.3,10:02,Sunday,1,50.2
4,14.4,17:29,Monday,0,65.4
7,10.3,08:59,Friday,0,76.1
5,16.3,10:21,Monday,0,97.7
10,11.4,09:24,Thursday,0,105.7
5,11.4,15:05,Monday,0,70.6
3,11.1,15:48,Saturday,0,34.4
4,14.9,17:00,Sunday,0,48.3
4,9.1,09:28,Monday,0,44.3
6,11.6,11:13,Wednesday,0,77.7
8,10.4,11:10,Tuesday,0,108.0
5,10.3,17:44,Tuesday,0,61.1
1,12.1,13:49,Saturday,0,7.2
3,11.7,11:22,Monday,1,59.9
3,15.2,10:59,Monday,0,62.1
3,12.0,11:11,Wednesday,0,45.7
11,13.7,15:07,Wednesday,0,182.5
4,12.5,13:29,Sunday,1,70.1
4,16.2,14:14,Wednesday,0,66.0
1,11.1,12:42,Thursday,1,29.1
5,11.1,08:15,Monday,0,85.5
3,14.2,14:52,Wednesday,0,51.8
4,11.1,15:14,Tuesday,0,55.8
4,13.5,09:48,Wednesday,0,65.8
7,19.0,14:29,Wednesday,0,151.6
3,9.1,16:46,Monday,0,30.9
4,16.6,14:01,Thursday,0,82.6
5,10.5,14:41,Thursday,1,61.0
3,16.0,15:00,Thursday,0,60.5
3,14.1,11:14,Wednesday,0,54.6
5,13.8,09:32,Thursday,0,61.3
3,11.5,12:43,Saturday,0,37.6
3,11.2,10:19,Tuesday,0,40.3
5,9.8,14:52,Tuesday,0,73.2
2,12.0,15:08,Friday,0,34.8
4,11.4,08:04,Monday,1,77.3
6,12.6,17:32,Wednesday,0,95.1
2,7.8,17:15,Friday,0,16.7
4,12.1,09:19,Friday,0,58.5
2,15.8,12:46,Saturday,0,32.3
5,14.8,10:05,Thursday,1,89.6
2,12.1,17:38,Thursday,0,26.3
7,19.7,13:39,Monday,0,195.4
2,10.3,15:00,Saturday,1,30.5
1,11.7,17:46,Tuesday,0,13.0
4,7.6,14:43,Saturday,1,39.7
2,10.8,16:42,Friday,0,28.2
3,17.4,10:24,Sunday,0,44.3
6,10.9,10:17,Sunday,0,48.5
5,7.4,12:24,Wednesday,1,59.9
2,14.6,16:48,Wednesday,0,36.2
5,13.2,08:23,Sunday,0,60.3
3,14.5,12:24,Sunday,0,35.9
5,11.1,16:14,Friday,0,65.3
7,9.0,09:46,Sunday,0,60.0
6,11.4,14:09,Friday,0,77.9
4,13.7,08:41,Monday,1,77.8
2,11.8,08:06,Thursday,0,24.6
2,13.2,11:11,Wednesday,0,36.5
4,10.4,16:03,Monday,0,56.3
2,13.3,08:24,Thursday,0,26.3
3,12.0,11:38,Thursday,0,43.0
8,9.9,15:17,Saturday,0,71.9
5,12.4,11:41,Saturday,0,60.9
4,10.8,12:47,Wednesday,1,73.6
3,13.9,13:00,Sunday,0,29.6
1,14.6,17:04,Thursday,0,20.0
4,13.5,16:45,Thursday,1,97.4
5,7.1,08:38,Tuesday,0,41.3
7,9.1,14:55,Sunday,0,53.4
4,10.1,13:25,Wednesday,1,71.7
3,9.6,11:32,Tuesday,0,38.2
2,10.4,12:55,Saturday,0,20.4
2,14.8,16:47,Sunday,1,33.0
2,14.1,15:43,Tuesday,0,32.8
4,10.7,13:40,Friday,0,57.3
6,13.8,09:45,Sunday,0,86.4
3,13.0,14:11,Friday,0,52.0
4,11.9,12:58,Thursday,0,62.7
5,15.4,12:28,Friday,0,97.2
8,10.0,17:26,Monday,0,110.1
5,12.2,17:55,Sunday,0,49.9
5,8.8,17:30,Thursday,0,60.0
2,9.0,15:23,Monday,2,45.4
2,7.9,13:59,Wednesday,0,20.8
4,9.0,11:11,Wednesday,1,69.5
5,12.2,17:28,Sunday,0,62.6
5,11.1,12:33,Sunday,0,61.5
2,11.2,10:00,Wednesday,0,26.8
5,11.1,09:06,Tuesday,0,65.0
3,17.3,16:21,Monday,0,66.4
3,8.6,11:16,Thursday,0,29.1
4,8.3,15:39,Thursday,0,31.0
7,9.5,14:16,Thursday,0,87.7
6,11.8,10:50,Tuesday,0,72.2
6,13.5,16:30,Saturday,0,85.7
3,13.9,16:26,Thursday,0,45.0
6,14.8,09:43,Sunday,0,68.2
3,11.7,09:13,Tuesday,0,48.3
2,10.8,14:00,Tuesday,1,35.1
2,16.9,10:20,Friday,0,38.1
6,5.0,11:19,Friday,0,35.7
2,12.2,17:22,Wednesday,0,27.0
2,13.3,09:45,Thursday,1,41.8
5,17.6,12:42,Thursday,0,129.3
3,7.0,10:56,Friday,0,22.2
4,10.7,11:28,Friday,0,81.3
8,7.9,11:42,Tuesday,0,71.7
2,6.6,10:35,Monday,0,26.8
3,11.4,15:38,Tuesday,1,63.4
4,14.5,16:07,Monday,0,75.5
4,15.6,13:23,Thursday,0,80.1
6,10.4,16:59,Thursday,0,65.3
4,14.0,09:21,Monday,0,75.0
5,11.4,13:03,Saturday,0,54.3
5,13.7,16:17,Saturday,1,88.0
7,15.5,14:12,Thursday,0,136.1
2,11.4,17:51,Tuesday,0,22.2
8,15.2,13:57,Tuesday,0,166.1
5,8.4,17:36,Sunday,0,38.3
3,14.0,08:59,Tuesday,1,58.7
1,15.1,08:25,Sunday,0,11.7
4,14.8,11:33,Friday,0,80.5
3,8.4,16:24,Friday,0,34.2
0,11.4,08:30,Saturday,0,0.0
3,12.9,10:31,Sunday,0,41.9
1,13.3,17:51,Tuesday,0,18.4
5,12.3,14:24,Sunday,0,72.5
4,16.3,11:55,Monday,1,120.7
3,8.1,08:46,Saturday,0,19.3
2,11.3,15:33,Wednesday,1,44.3
3,6.9,17:15,Friday,1,31.0
4,13.9,15:24,Saturday,0,59.9
6,13.7,09:09,Thursday,0,83.3
5,22.0,13:19,Monday,0,148.4
2,15.1,12:01,Saturday,1,42.8
2,13.0,17:02,Monday,1,41.6
5,12.8,15:37,Friday,0,72.8
4,11.1,16:01,Thursday,0,44.0
9,12.4,12:08,Thursday,0,147.7
6,12.8,08:14,Tuesday,0,74.3
3,6.1,15:35,Thursday,0,19.5
1,12.6,14:19,Tuesday,1,32.4
4,12.3,09:24,Tuesday,0,71.4
4,17.3,15:34,Thursday,0,73.8
3,11.6,09:29,Saturday,0,26.1
5,9.7,15:23,Thursday,1,57.3
5,12.8,15:08,Sunday,0,52.9
4,12.2,08:04,Tuesday,0,49.9
0,11.6,15:44,Monday,0,6.9
6,8.2,12:04,Wednesday,0,67.8
4,11.5,13:03,Monday,0,64.1
8,10.3,17:38,Thursday,1,125.0
5,11.4,17:11,Sunday,0,44.5
4,14.2,11:49,Thursday,0,66.4
3,10.0,15:05,Tuesday,0,35.5
4,11.3,13:07,Friday,1,83.1
5,13.6,16:13,Saturday,0,65.3
2,11.2,11:11,Sunday,0,26.7
5,19.8,12:42,Thursday,0,130.3
0,12.7,09:07,Wednesday,0,2.7
4,8.3,17:16,Thursday,0,27.1
4,9.5,17:00,Tuesday,0,34.2
3,9.2,10:45,Monday,0,30.8
4,9.5,13:49,Saturday,0,37.7
7,13.6,11:47,Monday,0,112.8
2,8.7,09:33,Friday,1,35.7
1,11.0,08:27,Friday,0,11.9
8,15.4,16:13,Thursday,0,152.1
1,10.4,10:53,Wednesday,0,11.0
4,14.0,13:09,Sunday,1,78.7
3,7.0,17:01,Saturday,0,13.4
6,10.9,08:11,Tuesday,1,85.0
5,9.3,13:28,Sunday,0,50.1
2,12.9,17:33,Monday,0,34.3
6,8.9,16:05,Saturday,0,49.5
3,18.2,10:11,Wednesday,0,49.4
5,7.1,10:00,Wednesday,0,46.2
6,15.4,15:37,Thursday,0,102.8
6,14.6,08:47,Thursday,0,92.0
2,12.9,13:59,Monday,1,68.1
4,12.2,10:20,Tuesday,0,60.4
6,17.6,16:23,Saturday,0,93.2
6,19.4,11:47,Friday,0,140.4
4,11.4,12:08,Wednesday,0,60.8
4,12.5,15:56,Thursday,0,51.5
2,10.3,08:52,Wednesday,0,24.3
4,8.5,14:00,Sunday,0,39.2
3,13.4,17:37,Monday,0,49.2
5,12.7,14:30,Friday,0,91.1
4,7.2,08:49,Wednesday,0,31.1
5,13.4,17:05,Tuesday,0,70.2
4,12.8,09:17,Tuesday,0,47.4
3,10.2,11:41,Wednesday,0,38.8
5,10.0,09:49,Tuesday,0,62.2
3,13.3,15:13,Friday,0,55.6
0,16.8,10:38,Wednesday,0,2.7
4,13.2,10:36,Sunday,0,66.3
6,14.3,12:08,Tuesday,0,104.5
5,9.5,10:51,Wednesday,0,59.3
3,10.8,15:50,Wednesday,0,34.1
6,13.8,13:16,Friday,0,120.3
4,7.9,13:33,Wednesday,0,35.1
2,12.6,09:36,Tuesday,0,33.5
3,13.5,17:08,Wednesday,0,39.9
2,11.9,11:29,Sunday,0,25.9
4,13.0,11:46,Saturday,0,63.6
6,12.2,10:25,Friday,0,72.9
1,10.1,17:36,Sunday,0,4.7
6,8.5,14:04,Saturday,1,64.3
3,11.7,08:36,Saturday,1,44.2
0,15.9,09:55,Wednesday,0,0.0
12,15.1,12:48,Thursday,0,213.1
4,11.0,09:52,Sunday,0,34.6
4,10.9,14:03,Sunday,0,45.3
5,10.7,11:04,Saturday,1,56.3
8,10.7,11:29,Monday,2,155.8
7,12.9,15:51,Tuesday,0,101.8
4,15.2,13:14,Thursday,0,72.0
1,18.8,09:07,Thursday,0,24.5
1,9.5,11:43,Friday,0,15.1
4,14.0,16:57,Tuesday,1,70.5
2,13.6,16:27,Saturday,0,22.6
6,11.0,15:35,Saturday,1,85.8
0,8.9,16:26,Tuesday,1,6.3
4,12.8,08:54,Saturday,0,59.1
2,18.4,09:13,Tuesday,0,43.7
2,12.8,08:11,Thursday,0,25.2
6,9.6,09:15,Sunday,1,60.3
8,11.5,16:14,Wednesday,0,123.9
6,8.6,08:22,Friday,1,48.7
1,12.1,12:39,Saturday,0,15.9
6,14.1,10:28,Thursday,0,114.2
4,9.9,16:19,Saturday,2,54.6
4,5.0,16:01,Friday,0,23.9
4,12.8,15:39,Thursday,2,91.6
1,10.5,11:46,Monday,0,17.0
2,9.7,17:15,Saturday,0,15.9
3,9.7,16:57,Wednesday,0,32.2
6,13.2,14:30,Tuesday,0,100.3
2,10.8,14:07,Sunday,0,23.5
3,14.8,11:22,Wednesday,0,71.8
4,14.9,15:21,Wednesday,1,79.7
9,11.2,17:23,Sunday,1,98.5
1,10.4,11:09,Wednesday,1,22.8
5,12.4,10:51,Saturday,0,58.3
6,11.6,10:38,Thursday,0,70.9
3,6.7,17:49,Monday,0,20.2
6,17.7,13:24,Friday,0,158.4
3,14.1,17:40,Thursday,0,47.8
6,10.6,14:10,Saturday,0,67.5
7,6.3,10:56,Wednesday,1,53.3
4,11.5,13:51,Tuesday,0,59.2
4,10.2,09:33,Tuesday,0,41.4
4,11.8,12:28,Thursday,0,58.7
3,5.5,12:25,Sunday,0,17.5
4,10.6,13:45,Thursday,0,49.1
1,10.8,11:52,Monday,0,13.0
2,11.4,12:33,Saturday,0,22.5
5,11.3,16:45,Wednesday,0,69.8
8,12.2,09:48,Wednesday,0,114.0
3,16.6,17:13,Saturday,0,34.2
5,10.5,13:23,Monday,0,80.7
5,9.3,14:17,Monday,1,83.0
3,6.8,09:02,Tuesday,1,32.4
4,10.5,09:27,Wednesday,1,71.8
2,7.8,15:19,Sunday,0,14.9
9,14.9,17:00,Friday,0,163.7
7,11.7,13:11,Saturday,1,106.1
5,14.8,09:40,Wednesday,0,93.9
4,16.4,15:58,Wednesday,0,73.4
6,9.4,17:10,Wednesday,0,56.3
4,11.0,14:42,Monday,1,84.4
1,16.0,09:49,Thursday,0,21.0
2,12.6,12:07,Wednesday,1,53.9
3,13.6,17:23,Sunday,0,37.9
6,15.1,09:54,Friday,0,86.7
5,14.7,09:42,Sunday,0,68.6
1,13.2,15:01,Tuesday,0,16.8
4,16.2,13:25,Monday,0,104.8
6,11.8,10:02,Thursday,0,92.9
1,13.6,14:09,Thursday,1,35.9
4,11.5,17:22,Thursday,0,35.6
3,15.1,16:33,Friday,1,63.7
5,9.9,08:03,Saturday,0,42.1
6,7.0,16:46,Wednesday,0,44.3
5,14.0,14:16,Wednesday,0,87.5
6,8.9,10:40,Tuesday,0,78.6
4,8.6,08:56,Wednesday,0,42.1
6,15.8,17:42,Friday,0,93.7
1,14.9,08:17,Saturday,0,11.1
1,11.0,09:50,Wednesday,0,9.8
5,5.0,14:42,Wednesday,0,29.9
5,13.6,15:34,Sunday,0,72.0
4,14.0,10:39,Wednesday,0,74.4
4,13.6,15:22,Tuesday,0,64.3
6,13.4,15:39,Wednesday,0,93.7
3,11.5,16:01,Monday,1,72.1
5,10.8,15:32,Wednesday,2,71.8
7,8.7,08:19,Sunday,1,66.3
8,9.9,16:55,Saturday,0,80.8
4,13.0,13:37,Sunday,0,49.3
3,13.0,12:18,Wednesday,0,48.4
6,14.4,08:14,Wednesday,0,97.8
4,7.8,13:54,Saturday,1,39.2
2,7.0,09:37,Saturday,2,24.4
3,10.9,13:28,Tuesday,0,39.2
6,8.9,09:53,Saturday,0,67.2
3,12.6,14:52,Monday,0,49.7
1,8.1,08:53,Tuesday,0,9.9
1,15.5,14:00,Thursday,0,21.6
5,9.5,14:26,Friday,0,59.7
3,16.8,11:57,Saturday,1,70.8
7,13.6,17:10,Saturday,0,95.6
3,8.8,13:15,Tuesday,0,31.4
4,18.3,15:30,Wednesday,0,69.2
2,12.8,12:26,Saturday,1,36.4
2,12.5,15:55,Sunday,0,29.6
6,11.8,16:58,Sunday,0,56.4
5,13.4,12:07,Sunday,1,81.3
1,13.6,17:40,Friday,0,11.3
1,9.4,09:31,Thursday,0,14.6
2,11.4,16:27,Saturday,0,20.8
3,12.3,13:15,Monday,1,67.6
6,13.7,09:23,Sunday,0,72.3
3,13.8,14:15,Sunday,1,75.1
4,12.5,09:18,Thursday,0,59.2
2,10.3,16:52,Thursday,0,22.5
2,10.2,16:09,Thursday,2,29.0
3,8.4,14:32,Monday,1,54.1
8,13.8,10:19,Tuesday,0,123.7
2,10.2,17:37,Saturday,0,16.0
3,11.4,16:31,Monday,1,53.9
1,12.7,15:09,Friday,0,20.3
1,12.0,11:39,Wednesday,0,14.6
5,12.0,12:50,Monday,0,72.4
5,9.3,11:22,Friday,0,57.9
5,12.8,16:29,Tuesday,0,67.8
5,11.1,11:05,Thursday,0,69.6
3,11.7,10:22,Sunday,1,41.3
4,15.5,10:08,Friday,0,60.7
6,13.5,12:00,Sunday,0,79.2
7,10.3,14:13,Wednesday,0,88.0
6,11.6,16:18,Wednesday,1,76.6
5,16.8,17:14,Friday,0,71.6
3,11.1,08:48,Monday,0,43.2
4,12.1,08:28,Saturday,1,53.1
4,14.0,11:37,Wednesday,0,66.8
4,12.6,16:06,Thursday,1,79.6
2,10.9,17:04,Thursday,2,35.2
4,9.8,09:41,Monday,0,51.4
4,12.0,10:51,Wednesday,0,61.9
4,14.0,17:01,Monday,2,103.9
10,16.0,13:45,Friday,0,174.3
4,7.6,12:04,Friday,0,36.5
5,17.3,10:26,Monday,0,110.8
5,11.1,09:07,Monday,0,57.8
4,14.8,09:05,Saturday,0,58.9
5,9.8,14:44,Wednesday,0,59.3
7,7.2,15:12,Saturday,0,45.9
2,8.1,11:39,Friday,0,23.7
1,11.0,14:03,Saturday,0,10.0
3,13.6,09:33,Wednesday,1,73.4
2,12.1,08:12,Wednesday,0,24.9
7,11.2,08:59,Saturday,0,62.5
4,15.4,09:03,Friday,0,62.8
4,12.0,17:50,Thursday,0,51.9
9,12.8,10:21,Wednesday,0,116.6
6,21.3,09:20,Friday,1,178.7
2,12.0,15:57,Wednesday,0,26.2
4,9.9,11:39,Sunday,2,54.6
7,13.4,10:03,Friday,1,129.7
4,14.2,10:12,Wednesday,1,93.2
2,12.9,09:23,Saturday,0,22.5
3,12.5,08:47,Monday,2,80.2
5,16.4,14:48,Saturday,0,90.0
4,16.1,12:23,Wednesday,1,85.5
4,11.6,09:29,Tuesday,0,58.7
6,10.1,15:55,Saturday,0,66.7
2,13.3,08:11,Friday,1,50.5
2,10.1,12:18,Monday,0,25.4
4,14.7,09:16,Tuesday,0,59.5
3,13.3,08:16,Thursday,0,42.4
3,20.0,13:30,Friday,0,77.6
6,16.4,09:33,Saturday,0,94.9
4,8.8,08:41,Wednesday,0,36.3
6,10.4,12:47,Saturday,1,79.7
3,6.3,16:26,Saturday,0,10.4
0,5.6,12:51,Wednesday,0,2.0
2,12.3,08:47,Sunday,1,40.6
6,8.4,11:02,Sunday,0,44.4
2,16.9,12:27,Wednesday,0,43.2
7,15.5,10:48,Thursday,0,156.4
8,11.2,11:22,Sunday,0,87.5
6,11.0,13:00,Thursday,0,85.6
3,16.5,17:25,Saturday,1,78.8
7,17.1,16:02,Saturday,2,197.8
0,9.2,10:02,Thursday,0,0.0
6,8.8,15:51,Wednesday,0,58.0
5,11.1,11:56,Thursday,0,76.0
1,13.3,16:09,Saturday,0,14.4
3,10.5,14:10,Wednesday,0,42.0
6,13.4,14:47,Saturday,0,50.9
2,17.9,11:37,Tuesday,1,53.2
3,7.8,15:07,Thursday,0,34.1
3,10.7,13:39,Monday,1,66.0
4,7.8,14:11,Saturday,1,43.1
4,9.5,13:28,Friday,0,42.6
5,11.1,08:33,Monday,0,65.8
2,9.8,12:44,Tuesday,1,41.1
0,13.6,08:30,Thursday,2,23.7
5,12.5,09:41,Thursday,0,64.1
5,12.9,12:45,Monday,0,96.3
4,11.1,12:03,Sunday,0,47.8
3,11.4,08:28,Thursday,0,34.1
2,10.9,09:22,Friday,0,29.0
4,11.3,12:39,Saturday,0,54.2
6,13.3,17:40,Tuesday,1,79.7
5,6.2,12:51,Wednesday,0,46.6
0,12.9,15:43,Saturday,0,3.5
3,9.4,12:25,Saturday,0,30.7
3,11.0,09:55,Tuesday,0,39.0
5,7.3,08:12,Wednesday,0,43.5
6,10.9,11:45,Saturday,0,73.7
3,12.8,17:11,Wednesday,0,40.6
7,13.4,11:14,Monday,0,152.9
5,8.4,11:41,Thursday,1,46.2
4,13.2,14:55,Monday,0,67.9
4,15.4,15:22,Friday,0,80.8
6,10.5,14:05,Sunday,0,61.8
4,12.0,11:22,Monday,0,72.2
3,5.8,17:27,Tuesday,0,15.6
4,9.3,11:31,Thursday,0,44.1
2,12.8,10:55,Tuesday,1,54.9
4,14.9,16:25,Thursday,1,67.3
2,10.2,17:21,Tuesday,0,22.6
3,20.0,17:33,Friday,1,84.3
9,12.9,13:19,Wednesday,0,151.8
3,8.2,16:41,Sunday,0,23.4
5,15.9,09:50,Saturday,0,78.2
5,8.2,16:53,Sunday,0,34.7
3,13.0,15:34,Tuesday,0,48.3
4,9.2,11:59,Sunday,0,35.5
3,7.9,10:27,Monday,0,32.0
4,14.9,15:35,Tuesday,0,86.3
4,11.2,12:18,Sunday,0,36.6
4,17.2,17:47,Sunday,0,62.3
8,8.9,16:32,Wednesday,0,70.4
4,7.3,15:54,Saturday,0,37.4
3,10.6,11:20,Monday,0,44.7
7,20.7,15:06,Wednesday,3,207.7
3,14.5,15:33,Monday,0,57.2
1,13.7,12:05,Thursday,0,12.5
2,13.8,08:56,Sunday,2,43.2
3,10.5,15:21,Friday,0,42.2
6,20.2,10:56,Thursday,0,169.8
4,13.4,09:19,Tuesday,0,71.5
3,13.1,08:25,Friday,0,43.9
3,15.0,11:16,Wednesday,0,58.2
3,8.2,13:05,Friday,0,35.2
3,9.4,08:23,Monday,1,59.0
4,11.3,13:38,Thursday,1,65.0
3,15.0,16:57,Thursday,0,59.8
5,8.1,13:58,Saturday,0,36.0
4,11.8,13:14,Sunday,0,55.5
4,11.4,10:19,Sunday,1,47.8
6,7.3,12:23,Wednesday,0,49.9
7,10.5,14:00,Friday,0,92.0
5,13.6,16:39,Friday,0,72.1
4,7.6,16:49,Saturday,0,30.5
3,16.2,12:31,Saturday,0,60.6
4,13.4,09:50,Monday,0,53.5
6,13.0,15:04,Saturday,0,77.5
2,12.0,17:30,Thursday,0,22.1
3,8.7,17:34,Sunday,0,26.1
0,10.1,17:57,Friday,1,15.5
3,13.1,10:31,Wednesday,0,45.2
7,10.0,16:22,Tuesday,0,76.2
3,12.6,08:31,Sunday,0,23.5
2,9.3,08:09,Tuesday,0,26.7
5,13.4,14:44,Monday,0,106.2
9,13.6,09:11,Monday,1,133.3
3,7.1,11:53,Thursday,0,28.4
4,12.2,08:07,Tuesday,1,58.2
2,7.4,08:52,Friday,0,15.6
6,6.4,10:05,Saturday,0,30.6
3,10.2,13:32,Wednesday,0,29.0
4,20.4,11:19,Monday,0,113.3
3,14.3,13:38,Wednesday,1,87.6
3,16.2,14:29,Friday,0,55.5
2,13.8,08:02,Saturday,1,43.0
3,12.6,16:28,Monday,0,55.0
3,14.7,08:34,Sunday,1,57.3
2,10.1,16:43,Friday,1,44.5
5,13.4,17:45,Thursday,0,81.4
5,15.5,17:02,Tuesday,1,133.0
4,14.1,13:25,Sunday,1,58.2
2,15.7,15:41,Tuesday,0,42.1
6,12.5,09:43,Thursday,2,137.0
4,17.1,17:22,Thursday,0,66.3
4,11.4,08:13,Thursday,0,24.9
8,18.4,13:30,Tuesday,0,164.2
1,13.7,12:36,Sunday,0,11.5
2,10.8,15:58,Wednesday,2,53.7
7,8.5,15:27,Friday,0,68.3
4,9.6,11:18,Friday,1,61.0
3,9.1,09:38,Tuesday,0,30.1
5,11.7,15:56,Sunday,0,53.1
2,8.2,17:46,Thursday,0,17.3
5,15.9,08:58,Friday,1,101.2
6,12.3,15:19,Friday,0,101.2
7,12.2,13:09,Thursday,1,142.3
4,8.5,11:07,Friday,2,55.8
5,9.7,08:08,Thursday,1,64.0
2,5.3,15:14,Saturday,0,6.5
4,16.9,09:19,Thursday,0,57.6
2,7.7,16:30,Saturday,0,17.9
3,8.0,10:38,Thursday,0,35.5
5,16.2,13:55,Sunday,1,91.7
3,13.2,10:50,Thursday,0,58.0
5,12.4,15:01,Friday,2,100.5
2,13.0,09:10,Thursday,0,28.0
5,14.9,11:25,Wednesday,0,109.1
3,12.3,13:05,Saturday,0,34.2
4,7.4,13:51,Friday,1,53.0
3,14.2,13:47,Wednesday,0,50.7
4,13.3,08:47,Saturday,0,43.6
2,15.5,08:20,Monday,0,36.0
4,8.3,10:22,Monday,0,33.7
2,9.8,08:22,Friday,0,26.0
6,13.2,10:12,Thursday,0,94.6
1,9.2,08:35,Saturday,0,8.0
10,5.0,13:16,Friday,0,60.4
4,12.6,09:02,Saturday,0,49.7
7,14.7,12:09,Tuesday,0,147.5
4,11.6,15:41,Tuesday,0,55.0
3,13.6,15:43,Tuesday,0,56.0
4,13.2,13:37,Friday,0,71.2
2,12.0,08:18,Friday,0,26.8
3,12.4,13:22,Sunday,1,56.3
5,16.0,10:31,Tuesday,1,111.8
6,9.1,13:41,Monday,0,67.9
6,14.3,17:05,Sunday,0,74.8
3,8.5,13:59,Thursday,0,31.5
2,9.6,17:24,Wednesday,0,20.2
8,15.6,10:05,Wednesday,0,166.4
0,8.4,10:40,Sunday,0,1.5
7,11.3,09:29,Saturday,1,84.8
6,19.1,08:46,Tuesday,0,131.3
2,15.1,08:06,Wednesday,0,32.5
4,9.8,17:16,Sunday,0,37.2
4,10.3,12:31,Saturday,0,44.0
4,11.5,17:23,Saturday,0,41.3
5,15.9,16:38,Tuesday,0,77.7
7,9.0,15:26,Friday,0,71.3
5,8.8,17:10,Monday,0,57.3
2,14.1,10:38,Thursday,1,51.4
4,7.0,16:33,Monday,0,29.8
4,9.3,14:47,Tuesday,0,43.9
5,11.7,13:59,Tuesday,0,68.1
2,11.9,14:11,Tuesday,0,35.6
3,7.9,17:03,Saturday,0,23.1
4,13.1,17:17,Wednesday,0,60.3
3,13.7,09:46,Tuesday,0,48.6
3,10.0,08:48,Sunday,1,31.3
2,17.0,10:43,Monday,1,66.2
7,13.0,16:06,Tuesday,0,116.4
7,9.0,08:58,Saturday,1,64.5
4,16.9,14:37,Thursday,0,87.1
6,10.4,11:59,Wednesday,0,78.7
4,12.5,17:07,Wednesday,0,57.2
4,10.5,16:12,Friday,0,52.7
3,13.9,13:04,Wednesday,0,48.7
6,10.6,11:48,Monday,0,86.7
3,10.7,16:20,Sunday,0,33.6
3,11.5,10:26,Sunday,0,41.9
6,10.5,13:26,Tuesday,0,91.1
4,15.2,17:18,Thursday,1,51.0
6,8.2,14:02,Thursday,0,55.4
1,11.9,17:18,Monday,0,15.2
4,12.3,12:25,Wednesday,0,53.0
1,11.6,14:17,Friday,0,11.6
6,14.9,17:24,Monday,2,141.3
3,7.5,15:22,Wednesday,1,37.0
6,13.7,17:03,Tuesday,0,102.6
3,8.3,16:19,Wednesday,1,35.7
9,10.5,08:46,Friday,0,101.9
4,8.0,10:35,Wednesday,1,41.9
9,11.0,15:24,Saturday,0,106.9
3,10.3,16:54,Thursday,2,60.2
3,16.9,16:01,Friday,0,68.2
3,12.7,11:07,Friday,1,65.4
5,13.3,14:12,Saturday,1,67.9
6,8.7,14:36,Tuesday,0,63.8
9,14.2,12:22,Sunday,0,143.9
3,16.9,13:52,Saturday,0,40.3
9,14.6,17:51,Tuesday,0,145.7
6,8.1,13:26,Monday,0,71.5
3,10.6,09:56,Monday,1,68.8
3,12.3,13:02,Friday,0,45.2
4,10.3,09:45,Wednesday,0,46.1
7,19.6,14:52,Tuesday,0,208.4
1,10.6,17:01,Wednesday,0,9.9
3,11.9,14:45,Thursday,1,65.1
3,10.2,16:46,Monday,0,41.0
8,12.7,15:16,Thursday,0,117.2
3,16.1,12:22,Monday,0,72.6
4,12.3,13:22,Friday,0,63.6
4,11.3,13:19,Monday,0,80.5
4,8.8,11:55,Saturday,0,26.0
3,15.6,08:55,Tuesday,1,69.5
3,11.6,15:01,Thursday,0,40.3
2,11.4,08:28,Wednesday,0,24.3
4,5.0,10:02,Sunday,0,21.7
5,11.6,12:32,Saturday,1,69.2
6,10.8,17:52,Sunday,0,60.1
8,6.5,11:04,Saturday,0,55.2
4,15.0,15:56,Sunday,0,62.8
5,10.4,12:11,Tuesday,0,66.7
2,17.7,10:12,Wednesday,0,42.8
4,16.2,08:15,Saturday,0,58.0
3,9.8,08:53,Monday,1,43.9
7,16.1,12:10,Tuesday,0,173.9
1,16.8,12:00,Saturday,0,15.4
4,10.3,14:15,Wednesday,0,47.8
4,8.9,08:37,Tuesday,0,36.0
4,5.5,10:50,Wednesday,1,34.7
3,13.1,08:14,Saturday,0,33.1
5,9.1,16:43,Thursday,0,61.0
3,13.2,11:58,Monday,0,59.6
6,10.3,13:50,Thursday,0,74.1
6,9.7,15:06,Saturday,0,51.0
5,10.3,10:40,Tuesday,1,76.0
9,8.1,09:20,Monday,0,99.5
1,10.3,13:48,Friday,2,40.1
7,9.8,17:02,Sunday,0,58.9
5,12.0,16:55,Monday,1,80.3
3,12.3,11:04,Friday,0,59.1
1,8.8,10:39,Saturday,0,8.2
4,15.3,11:32,Tuesday,0,65.9
1,11.5,10:27,Tuesday,1,24.7
3,16.5,17:38,Thursday,1,67.6
1,12.7,08:20,Friday,1,36.1
6,12.2,09:54,Thursday,0,82.2
4,10.5,08:16,Tuesday,2,67.6
3,13.8,16:32,Sunday,0,42.6
1,12.1,12:42,Wednesday,0,17.9
3,14.6,10:16,Thursday,0,55.3
6,16.8,11:57,Thursday,0,127.6
2,9.8,09:03,Thursday,0,18.4
6,13.8,09:04,Wednesday,1,96.3
3,13.8,17:28,Wednesday,0,34.8
5,13.4,14:57,Monday,0,90.2
6,10.7,14:23,Saturday,0,62.7
3,10.8,12:43,Wednesday,0,37.8
3,10.2,12:53,Monday,0,45.5
3,10.2,15:43,Monday,0,38.0
2,9.5,08:31,Sunday,0,15.4
6,11.7,14:40,Wednesday,0,80.0
7,9.7,13:30,Friday,1,101.5
4,13.3,11:04,Thursday,0,67.0
5,12.2,10:09,Saturday,0,47.7
3,12.5,16:37,Sunday,0,36.2
2,11.2,17:18,Saturday,0,21.6
1,12.2,08:57,Sunday,1,23.0
2,11.3,09:41,Tuesday,0,27.3
6,14.3,14:40,Thursday,0,109.1
3,10.7,15:44,Wednesday,1,47.1
5,13.1,12:54,Saturday,0,74.1
5,8.1,17:16,Tuesday,0,53.2
5,14.1,16:43,Saturday,1,74.1
5,10.3,09:15,Tuesday,2,79.6
0,9.3,09:25,Friday,0,1.9
1,8.6,08:51,Monday,1,20.0
1,8.3,16:45,Saturday,0,5.7
2,10.6,13:34,Saturday,0,23.7
4,16.5,17:24,Thursday,0,67.3
1,10.1,15:17,Thursday,0,15.6
4,5.4,15:19,Thursday,1,30.0
6,13.1,09:15,Friday,0,82.3
5,8.7,09:05,Thursday,0,47.9
3,14.4,17:18,Thursday,0,50.0
5,10.7,12:49,Thursday,0,69.7
4,11.2,17:56,Monday,0,58.3
1,15.6,11:13,Thursday,2,52.7
3,13.9,14:12,Thursday,0,58.2
4,8.3,13:43,Sunday,0,24.6
0,8.7,08:40,Wednesday,0,0.0
4,6.6,13:11,Sunday,1,33.4
3,19.8,17:14,Sunday,1,60.9
5,9.4,12:32,Saturday,0,47.7
6,15.5,12:43,Friday,0,108.3
4,10.4,15:00,Wednesday,0,48.6
3,8.8,15:48,Tuesday,0,33.9
2,12.1,16:16,Saturday,2,42.8
7,11.0,12:31,Friday,0,90.8
4,14.4,12:26,Saturday,0,57.0
4,14.4,12:44,Thursday,0,81.7
3,10.2,17:41,Sunday,0,31.4
8,7.7,17:17,Monday,0,72.6
6,8.4,14:13,Monday,0,75.2
3,5.2,10:50,Monday,0,21.2
1,11.2,17:00,Wednesday,0,16.2
4,12.0,09:42,Tuesday,1,73.1
5,8.6,09:04,Monday,0,53.2
7,8.2,12:08,Saturday,0,74.4
7,12.0,14:51,Tuesday,0,94.4
3,10.1,08:31,Saturday,0,29.3
3,11.4,11:07,Friday,0,50.1
3,10.9,15:50,Friday,0,43.1
3,12.7,14:35,Monday,1,65.5
6,10.3,08:50,Monday,0,70.3
5,10.5,10:01,Monday,1,70.4
4,6.4,15:15,Wednesday,1,44.8
6,11.8,09:09,Sunday,0,51.1
2,12.3,08:05,Wednesday,0,28.8
7,11.5,17:55,Tuesday,0,72.6
5,17.7,14:08,Tuesday,0,148.8
4,12.5,12:17,Wednesday,0,52.0
3,11.5,13:58,Friday,0,45.2
1,13.5,14:42,Saturday,0,17.6
0,18.3,12:57,Monday,1,24.3
3,12.8,14:34,Saturday,0,42.8
1,5.3,15:05,Monday,0,6.5
2,13.3,09:47,Wednesday,0,31.9
3,9.4,12:14,Friday,0,41.2
2,6.2,11:02,Monday,0,15.9
9,17.1,15:58,Tuesday,1,245.3
0,16.4,15:41,Friday,0,1.1
5,9.3,16:06,Friday,0,69.4
4,9.3,12:22,Monday,0,48.6
4,12.5,13:45,Saturday,0,47.9
4,9.3,15:03,Wednesday,0,43.5
3,11.6,11:13,Friday,0,37.9
4,9.9,17:46,Tuesday,0,49.8
3,10.8,11:47,Sunday,0,31.5
6,7.8,13:22,Saturday,0,41.5
3,14.5,16:16,Friday,0,46.6
5,15.6,15:28,Tuesday,0,86.4
7,11.7,13:00,Saturday,1,112.4
6,11.9,12:04,Wednesday,0,93.3
3,13.9,14:22,Friday,0,52.8
2,12.0,12:21,Friday,0,30.1
4,17.2,13:55,Saturday,1,87.4
5,8.1,15:59,Saturday,1,60.2
4,14.6,09:13,Wednesday,0,62.9
6,11.7,14:58,Monday,1,123.2
5,8.6,08:32,Thursday,1,53.5
5,18.7,15:20,Wednesday,0,134.6
6,19.2,10:05,Wednesday,0,111.9
3,11.4,12:56,Thursday,0,46.8
3,13.3,10:40,Friday,0,45.2
2,10.6,11:13,Friday,0,33.9
5,11.1,14:17,Wednesday,0,73.8
4,8.6,12:18,Friday,2,54.2
3,8.2,12:52,Sunday,0,21.1
3,17.5,17:59,Friday,0,64.1
4,11.9,09:12,Friday,0,60.2
6,12.2,11:50,Tuesday,0,100.7
3,9.6,13:18,Wednesday,1,48.7
0,12.6,16:08,Monday,0,0.0
4,7.5,10:49,Thursday,0,40.6
3,9.7,11:56,Monday,0,37.5
8,8.4,16:12,Saturday,1,73.9
4,15.9,13:18,Sunday,0,57.5
3,7.0,16:33,Saturday,0,18.0
1,8.5,08:38,Tuesday,1,17.9
6,5.9,10:52,Friday,0,40.2
5,9.3,13:34,Thursday,0,61.9
5,10.6,09:13,Monday,0,56.2
7,14.9,12:49,Saturday,0,117.8
3,11.3,08:10,Sunday,0,25.8
4,10.8,13:02,Thursday,0,54.0
5,12.9,17:12,Sunday,0,54.8
6,10.7,17:28,Monday,0,74.9
5,19.2,11:11,Sunday,0,110.4
3,10.2,08:02,Friday,1,43.4
2,13.2,17:07,Friday,0,33.3
1,14.5,13:40,Thursday,0,20.2
3,10.1,13:48,Monday,1,56.2
1,12.5,16:09,Thursday,2,35.8
5,10.5,11:56,Sunday,0,44.9
4,12.8,12:12,Thursday,0,73.5
4,12.3,16:30,Monday,0,67.4
8,11.6,12:54,Thursday,0,117.7
3,8.5,15:21,Tuesday,0,29.6
3,17.6,17:03,Wednesday,0,71.8
5,13.8,11:56,Friday,0,80.2
1,7.2,16:53,Monday,0,9.6
4,10.7,11:16,Thursday,0,55.3
4,7.3,17:17,Thursday,0,26.1
7,14.3,11:03,Saturday,0,90.8
4,11.9,10:20,Monday,0,60.9
5,12.0,15:12,Friday,0,82.9
5,9.5,17:13,Friday,0,51.2
3,11.1,15:40,Monday,0,37.4
3,14.4,15:24,Monday,1,64.8
6,15.2,17:43,Friday,1,107.3
2,14.5,13:34,Sunday,0,22.5
1,7.3,16:52,Sunday,0,8.8
2,11.4,08:22,Saturday,0,23.7
4,12.8,09:19,Saturday,0,48.6
1,9.8,10:42,Friday,1,23.6
3,7.0,17:27,Tuesday,0,26.3
4,8.1,09:58,Thursday,0,40.9
7,16.5,11:49,Wednesday,0,125.2
7,8.4,08:21,Tuesday,0,59.1
4,12.1,08:46,Monday,0,66.2
3,11.5,13:49,Monday,0,50.8
3,11.5,08:58,Saturday,0,35.6
4,11.0,16:59,Tuesday,0,45.2
1,14.4,16:51,Friday,0,14.5
8,12.1,14:13,Wednesday,0,125.9
6,10.1,11:57,Thursday,0,68.8
5,12.2,16:52,Wednesday,1,64.2
3,8.2,12:52,Wednesday,0,28.2
4,13.4,09:54,Thursday,0,59.9
8,10.0,11:27,Saturday,0,102.9
6,10.1,11:37,Thursday,1,78.0
3,13.5,13:47,Saturday,0,42.5
4,10.8,12:00,Sunday,0,55.9
4,10.9,16:10,Thursday,2,64.3
4,15.5,14:15,Saturday,0,70.9
3,9.1,10:31,Monday,0,34.0
1,13.5,12:01,Thursday,0,17.9
3,14.8,15:13,Thursday,0,68.6
4,15.5,10:25,Monday,0,91.0
3,18.5,08:54,Sunday,0,50.1
1,10.1,15:06,Saturday,1,17.6
4,9.4,12:03,Friday,0,47.9
2,14.5,09:14,Friday,0,31.4
2,14.8,12:47,Saturday,0,25.0
4,9.6,13:36,Saturday,0,28.5
6,13.5,08:15,Wednesday,0,76.5
9,20.2,15:54,Wednesday,1,232.3
3,12.3,12:54,Wednesday,0,52.4
6,14.8,08:15,Sunday,0,66.2
3,16.7,16:37,Monday,0,66.1
8,19.5,13:51,Sunday,0,115.0
4,12.7,17:37,Wednesday,0,48.7
4,15.8,10:48,Saturday,0,40.7
9,9.6,12:07,Tuesday,0,141.9
6,12.1,14:37,Saturday,0,77.0
6,10.7,17:08,Thursday,2,95.6
7,6.3,15:54,Sunday,1,51.0
6,7.2,14:25,Wednesday,1,80.7
4,13.3,15:57,Sunday,0,45.6
4,13.3,08:56,Saturday,0,42.1
3,8.9,15:14,Monday,2,74.0
6,16.7,13:47,Wednesday,0,105.7
3,8.7,10:44,Wednesday,0,36.0
3,12.8,10:23,Tuesday,1,62.2
3,10.8,10:52,Sunday,0,32.9
0,12.3,09:13,Monday,0,0.0
4,14.7,10:43,Tuesday,0,96.2
3,14.3,08:42,Tuesday,0,46.5
4,14.1,14:43,Wednesday,2,93.8
1,13.7,13:07,Friday,1,38.3
3,8.2,09:16,Monday,0,29.1
1,15.4,14:58,Friday,0,20.7
5,8.8,09:46,Wednesday,0,42.0
5,11.7,12:56,Friday,1,93.5
3,10.9,17:12,Monday,0,38.3
2,13.1,15:36,Sunday,0,21.4
9,10.5,13:50,Friday,0,110.2
3,11.5,13:50,Tuesday,0,49.6
5,16.9,08:38,Saturday,0,73.4
3,8.1,12:16,Thursday,1,39.4
4,12.0,11:04,Wednesday,0,60.8
1,8.7,12:44,Tuesday,0,14.8
7,14.0,17:30,Thursday,0,92.5
9,9.8,15:51,Tuesday,0,110.4
4,12.1,14:05,Saturday,0,44.2
2,8.0,15:02,Wednesday,1,28.1
1,15.9,15:18,Monday,2,72.6
1,12.2,12:33,Friday,0,9.0
6,12.4,16:39,Saturday,0,60.5
9,14.5,14:10,Saturday,0,132.0
5,8.2,15:22,Thursday,0,51.1
3,10.2,08:06,Wednesday,0,38.1
5,12.5,13:22,Tuesday,0,66.0
3,6.7,11:38,Wednesday,0,29.0
4,7.0,08:33,Monday,0,37.3
7,9.5,14:27,Sunday,0,62.9
5,8.6,17:17,Tuesday,1,47.6
4,11.0,15:19,Saturday,1,50.5
8,13.6,08:47,Wednesday,0,135.4
5,14.2,08:34,Friday,0,81.4
5,17.4,11:27,Sunday,0,82.6
1,11.9,10:23,Wednesday,0,11.1
3,12.5,08:16,Sunday,2,60.3
5,11.9,08:24,Wednesday,0,62.9
6,13.0,11:27,Tuesday,0,96.8
3,13.2,09:20,Saturday,0,37.1
1,14.8,09:56,Monday,1,36.2
5,14.8,16:41,Monday,1,102.9
3,13.6,17:56,Wednesday,0,34.0
6,16.5,16:02,Thursday,0,104.8
6,12.1,10:19,Thursday,1,75.9
6,10.2,09:45,Monday,0,84.4
2,10.7,13:47,Thursday,0,24.3
6,11.7,15:50,Friday,0,81.2
4,8.7,14:34,Tuesday,1,55.7
4,10.2,16:02,Thursday,0,41.8
0,8.6,12:52,Wednesday,1,7.2
3,13.0,17:52,Monday,0,49.3
2,13.1,15:52,Saturday,1,49.7
6,6.7,08:30,Wednesday,0,48.9
7,10.0,11:38,Sunday,0,82.4
2,17.5,13:35,Tuesday,0,38.9
6,13.9,10:14,Monday,0,109.1
2,13.4,12:02,Saturday,0,27.3
3,10.0,14:17,Sunday,0,35.9
0,12.9,13:31,Sunday,1,15.6
3,12.0,16:36,Sunday,0,31.3
1,9.6,10:37,Wednesday,0,4.5
4,10.5,17:12,Friday,0,41.0
9,10.6,11:13,Monday,0,141.6
1,7.5,17:12,Wednesday,0,7.3
2,8.0,10:28,Sunday,1,22.3
3,11.4,13:04,Friday,0,48.0
3,9.5,17:19,Saturday,0,31.1
6,11.1,10:46,Sunday,0,55.6
6,7.2,16:29,Saturday,0,45.1
5,14.4,13:00,Friday,0,111.9
4,18.2,12:11,Wednesday,2,159.3
7,15.1,14:38,Thursday,0,119.9
0,15.4,09:59,Monday,0,0.9
3,13.9,14:35,Friday,0,57.9
8,12.8,09:45,Sunday,0,93.7
4,12.3,15:06,Tuesday,0,59.7
1,9.3,14:06,Thursday,0,6.2
4,14.1,09:23,Sunday,0,43.2
6,13.9,09:00,Wednesday,1,97.1
2,10.6,14:04,Friday,0,23.5
4,13.6,09:12,Saturday,0,52.3
4,9.9,14:15,Saturday,0,46.6
3,10.1,17:59,Friday,1,42.6
5,14.3,09:13,Monday,1,81.7
3,13.3,12:44,Monday,1,75.4
2,11.3,17:14,Saturday,0,21.9
3,11.0,17:22,Sunday,0,29.6
6,12.5,08:17,Tuesday,1,89.3
2,6.5,16:04,Thursday,0,11.3
3,9.7,10:23,Monday,0,43.2
6,8.2,15:27,Tuesday,1,74.1
3,12.0,11:33,Thursday,0,40.4
7,15.3,10:14,Monday,1,136.0
4,13.4,12:42,Friday,0,72.2
6,10.5,09:45,Thursday,1,73.6
5,9.9,12:14,Monday,0,73.4
2,9.7,11:56,Friday,0,25.7
5,18.0,17:37,Thursday,0,124.9
5,12.2,13:25,Monday,1,104.2
7,12.6,14:58,Tuesday,0,137.7
4,5.7,09:44,Thursday,0,26.1
1,8.5,17:58,Saturday,0,5.6
2,11.9,12:58,Thursday,0,25.9
2,10.5,08:45,Friday,0,21.3
1,12.4,14:05,Thursday,1,32.2
4,12.4,11:10,Sunday,0,48.7
5,13.8,10:56,Sunday,1,56.5
4,6.4,11:10,Wednesday,0,34.8
4,8.7,12:30,Wednesday,1,63.7
3,11.7,10:52,Friday,0,34.3
3,10.1,15:47,Sunday,0,32.6
4,11.1,09:47,Friday,0,64.2
3,12.3,09:25,Wednesday,0,31.6
4,9.8,09:02,Saturday,0,33.9
5,12.6,12:06,Tuesday,0,73.8
9,13.6,09:07,Tuesday,1,178.6
6,12.2,08:15,Tuesday,1,90.7
8,14.2,10:56,Sunday,0,100.8
5,5.5,17:48,Sunday,0,25.2
8,10.2,08:06,Sunday,0,89.1
4,14.7,08:38,Monday,0,72.8
5,9.4,13:49,Sunday,0,43.4
1,9.0,12:58,Tuesday,1,22.8
2,11.6,09:02,Sunday,0,22.8
3,11.9,16:56,Wednesday,0,32.5
8,10.4,14:44,Wednesday,1,113.1
4,17.5,12:56,Friday,0,82.2
6,12.9,13:26,Saturday,1,79.2
4,9.3,15:57,Wednesday,0,32.0
2,7.7,08:58,Saturday,0,12.8
5,13.2,17:19,Monday,0,93.4
7,9.2,09:07,Sunday,0,38.0
4,18.5,12:35,Thursday,0,98.1
4,13.3,10:28,Thursday,1,71.6
1,13.7,14:39,Sunday,0,10.1
3,12.7,16:23,Monday,0,51.7
7,15.4,14:10,Sunday,0,127.1
1,5.0,10:14,Tuesday,0,10.6
6,8.4,15:47,Sunday,0,48.9
1,15.1,17:25,Saturday,1,27.5
6,16.5,09:36,Wednesday,1,137.5
5,8.3,10:32,Monday,0,71.6
7,6.5,13:17,Monday,0,63.8
2,12.5,15:23,Monday,0,38.2
7,13.5,09:16,Monday,1,128.5
3,12.4,08:30,Friday,0,37.7
5,11.8,13:40,Sunday,0,74.5
4,6.4,15:58,Saturday,0,25.3
4,10.9,10:58,Saturday,0,45.8
3,11.3,13:49,Sunday,2,60.8
3,10.4,16:02,Friday,0,33.3
3,6.2,08:17,Monday,0,21.8
5,13.8,11:21,Thursday,1,92.4
3,14.6,11:01,Saturday,0,46.9
5,9.6,15:13,Thursday,0,59.8
3,11.4,14:39,Wednesday,1,51.5
3,10.5,16:16,Thursday,0,45.5
6,10.5,13:29,Saturday,1,77.9
1,13.5,10:16,Wednesday,0,16.0
4,13.6,12:19,Wednesday,0,78.4
4,15.2,11:57,Thursday,0,67.2
3,15.2,14:40,Wednesday,0,51.7
4,11.5,17:32,Tuesday,0,54.0
5,20.5,12:34,Tuesday,0,111.7
3,16.6,14:23,Monday,0,68.6
1,10.0,09:46,Saturday,0,15.9
3,12.4,13:44,Tuesday,0,58.6
4,6.0,15:17,Sunday,1,32.8
4,12.1,15:38,Sunday,0,53.8
5,17.0,17:44,Friday,2,142.9
2,20.3,17:52,Sunday,0,32.1
7,11.6,13:09,Sunday,1,116.0
2,13.0,16:36,Saturday,0,21.1
5,13.8,15:22,Wednesday,0,91.8
0,17.9,13:14,Saturday,0,0.0
2,9.1,08:18,Wednesday,0,18.1
1,20.0,17:46,Monday,0,26.2
4,11.0,17:39,Thursday,0,61.0
3,8.5,13:10,Monday,0,42.1
6,11.1,11:26,Monday,0,96.3
3,9.6,09:07,Monday,0,36.9
4,13.3,08:33,Sunday,0,52.2
5,7.0,16:02,Monday,0,53.8
7,12.4,12:05,Wednesday,0,84.8
5,14.0,13:37,Saturday,1,87.2
6,16.4,11:00,Saturday,0,85.2
3,14.0,14:08,Monday,0,58.3
3,16.3,15:35,Sunday,0,36.6
10,10.2,16:55,Sunday,0,62.5
7,13.2,12:57,Sunday,1,84.6
8,5.3,11:00,Friday,0,50.0
4,11.7,08:46,Thursday,1,68.8
6,13.2,16:32,Tuesday,0,83.6
3,13.4,16:32,Monday,1,62.5
2,7.3,11:32,Saturday,0,16.3
4,10.8,10:04,Saturday,1,55.5
0,11.2,14:44,Saturday,0,5.1
3,10.7,15:33,Friday,0,44.1
5,14.2,15:13,Thursday,0,73.4
3,11.3,08:42,Tuesday,0,35.5
3,12.3,17:50,Monday,2,82.4
3,10.5,13:26,Tuesday,1,49.6
2,15.2,14:05,Wednesday,0,36.0
3,15.4,08:27,Wednesday,0,38.1
8,11.1,08:07,Thursday,0,77.1
1,20.6,09:15,Saturday,0,23.4
4,9.7,11:54,Saturday,0,41.7
7,15.0,17:26,Saturday,1,99.3
2,9.1,15:16,Wednesday,0,20.3
5,14.3,17:59,Sunday,0,79.3
3,14.1,14:47,Sunday,0,36.7
6,9.0,08:59,Wednesday,0,63.1
3,11.6,14:56,Tuesday,0,48.5
2,17.6,14:24,Sunday,0,42.1
4,9.6,16:51,Sunday,0,29.0
8,13.2,13:26,Thursday,0,109.6
3,13.0,10:27,Monday,0,46.2
1,11.9,15:19,Friday,0,17.0
1,6.8,15:32,Saturday,0,12.8
3,14.5,13:08,Thursday,0,59.3
3,12.0,08:56,Monday,1,56.2
2,15.3,12:08,Saturday,0,37.7
4,12.7,16:23,Saturday,0,45.3
6,12.2,11:02,Sunday,1,71.4
7,13.1,15:18,Sunday,0,82.5
4,9.0,10:32,Thursday,0,39.4
3,16.7,11:17,Wednesday,0,55.4
3,10.9,11:22,Tuesday,0,47.6
2,10.9,09:21,Monday,1,39.6
6,15.9,11:30,Saturday,0,76.2
3,12.7,15:14,Sunday,0,39.7
8,11.3,12:00,Friday,0,104.4
5,13.2,10:59,Sunday,0,54.4
8,13.9,15:00,Wednesday,0,144.9
2,11.6,13:09,Saturday,0,22.2
4,14.8,12:21,Wednesday,0,69.5
5,8.2,15:57,Wednesday,0,47.5
7,12.8,11:49,Friday,0,111.9
3,14.4,13:26,Monday,0,59.2
4,13.9,08:19,Wednesday,0,40.1
10,5.3,11:23,Wednesday,0,62.8
2,11.6,10:22,Thursday,0,32.8
6,8.4,16:51,Saturday,0,52.0
7,15.9,08:12,Tuesday,1,135.4
3,10.8,15:00,Tuesday,0,43.2
6,15.5,15:33,Friday,0,123.5
1,8.3,11:19,Monday,1,20.8
4,13.2,10:34,Sunday,0,59.7
6,12.0,09:38,Sunday,1,78.4
3,20.3,10:46,Wednesday,1,92.8
5,15.5,17:08,Friday,2,151.1
5,15.3,08:26,Thursday,0,58.9
2,18.1,12:34,Friday,0,41.0
4,12.9,10:38,Tuesday,0,68.8
4,11.7,14:57,Sunday,0,49.7
3,11.4,11:20,Sunday,0,41.5
8,13.0,11:27,Thursday,0,91.5
5,5.0,08:34,Sunday,0,24.9
3,12.0,17:06,Wednesday,0,32.8
2,12.7,13:12,Saturday,1,42.8
3,11.5,08:41,Sunday,0,29.8
2,7.4,15:31,Friday,0,20.8
2,11.6,15:48,Sunday,0,20.7
1,7.4,12:36,Tuesday,0,12.7
7,17.3,17:47,Monday,0,134.1
3,11.2,10:15,Thursday,0,38.8
5,5.8,16:26,Wednesday,0,33.7
5,11.4,16:27,Friday,1,98.1
5,14.7,13:12,Wednesday,0,100.9
4,12.5,13:24,Sunday,2,77.3
4,9.3,09:07,Monday,0,50.8
5,10.0,09:19,Sunday,0,52.7
1,11.1,12:13,Tuesday,0,15.6
6,10.7,17:10,Wednesday,0,60.3
3,8.2,10:08,Monday,0,35.2
5,11.8,12:45,Friday,0,77.1
3,8.0,08:38,Friday,0,26.1
3,14.8,10:59,Sunday,1,50.0
7,15.2,11:43,Monday,1,182.5
1,9.0,17:37,Thursday,1,20.9
7,9.9,09:55,Sunday,0,53.4
3,10.7,09:00,Monday,0,35.5
5,11.9,08:32,Friday,0,84.6
5,12.8,13:13,Tuesday,0,92.0
9,13.4,13:11,Wednesday,0,152.1
7,13.3,09:57,Saturday,0,99.6
3,16.7,10:28,Saturday,1,61.9
3,12.2,11:11,Monday,0,49.8
7,8.1,08:05,Friday,1,72.6
7,7.2,16:10,Wednesday,0,64.7
3,16.9,15:43,Saturday,0,39.5
3,13.5,11:12,Saturday,0,35.5
4,12.6,13:44,Sunday,0,40.9
5,13.3,11:16,Monday,0,101.6
1,12.5,08:16,Saturday,1,22.4
6,13.3,13:53,Sunday,0,68.1
2,10.9,15:12,Saturday,0,21.3
8,15.2,11:20,Wednesday,1,152.8
6,10.4,10:24,Saturday,0,48.9
7,9.3,10:38,Monday,0,100.8
4,6.9,11:29,Wednesday,0,33.2
4,11.3,12:40,Saturday,0,56.6
4,15.8,15:32,Friday,0,64.2
6,10.6,09:59,Tuesday,0,81.9
6,7.9,15:03,Thursday,0,46.3
6,12.9,17:38,Monday,0,123.7
1,10.0,09:48,Sunday,0,4.0
4,16.6,13:04,Thursday,0,101.2
4,15.2,11:36,Thursday,1,93.0
5,8.2,14:00,Wednesday,0,49.5
6,11.5,16:48,Tuesday,0,86.5
1,9.7,16:51,Wednesday,0,8.0
1,8.5,12:25,Thursday,0,13.0
3,11.8,15:34,Wednesday,0,46.2
2,14.5,13:06,Wednesday,1,54.3
0,11.8,15:43,Thursday,0,0.8
4,10.5,16:50,Thursday,0,58.5
6,5.4,15:07,Wednesday,0,41.7
3,10.0,08:36,Friday,0,30.7
4,13.7,10:27,Tuesday,3,128.6
3,8.0,15:51,Sunday,0,20.2
6,15.8,08:11,Friday,0,96.3
4,10.2,13:10,Tuesday,0,56.9
3,12.6,14:06,Friday,0,43.2
1,10.8,16:11,Sunday,0,10.0
6,8.5,16:03,Saturday,0,54.7
3,13.3,08:43,Saturday,1,64.7
6,10.2,14:47,Tuesday,1,97.5
7,9.5,15:54,Tuesday,1,75.5
9,5.0,09:03,Thursday,0,40.9
2,15.9,12:51,Tuesday,0,50.0
4,12.0,14:29,Monday,0,62.9
3,15.3,11:25,Sunday,0,34.3
4,13.9,11:42,Wednesday,1,74.6
5,15.3,09:01,Saturday,1,97.2
6,10.3,15:44,Saturday,0,62.3
8,7.9,10:22,Tuesday,1,94.1
3,14.3,12:20,Tuesday,1,74.4
4,12.4,13:09,Friday,0,56.8
8,10.6,08:52,Friday,0,75.0
6,14.2,12:18,Tuesday,0,100.8
7,12.9,09:31,Tuesday,0,108.8
4,13.9,10:19,Friday,0,58.4
8,8.9,11:33,Tuesday,0,102.3
5,14.9,12:53,Tuesday,0,86.8
4,12.0,12:20,Wednesday,2,71.6
5,15.3,08:42,Wednesday,0,83.2
4,14.9,11:30,Wednesday,0,79.6
4,14.1,08:23,Wednesday,0,73.1
6,11.7,10:30,Thursday,0,65.5
3,14.1,08:51,Thursday,1,74.0
3,15.3,09:40,Monday,0,61.3
2,13.8,13:01,Tuesday,0,33.7
7,12.6,17:16,Thursday,1,120.3
8,14.1,09:56,Saturday,0,133.4
5,10.4,15:18,Monday,0,58.0
2,16.5,08:26,Saturday,0,28.2
3,7.0,11:21,Monday,0,27.5
2,12.1,12:00,Friday,0,33.7
4,10.8,09:05,Tuesday,0,59.6
4,10.1,14:22,Sunday,0,40.0
7,12.9,09:27,Friday,1,117.5
2,8.6,16:00,Saturday,1,27.0
4,18.5,13:54,Saturday,1,93.9
6,7.9,15:24,Monday,0,49.2
2,9.1,09:38,Saturday,0,19.2
2,8.9,11:10,Monday,0,27.6
5,12.6,15:03,Thursday,1,102.7
4,15.0,12:32,Friday,0,68.4
2,13.6,14:19,Sunday,0,29.1
2,16.4,12:08,Saturday,1,63.2
6,9.5,14:43,Friday,1,110.1
2,14.0,14:24,Sunday,1,44.1
1,11.1,10:59,Monday,0,18.3
2,12.7,16:49,Monday,0,28.6
3,15.3,15:19,Tuesday,1,66.0
8,6.9,08:40,Tuesday,0,71.5
5,18.0,08:22,Thursday,0,69.3
0,11.6,15:09,Saturday,0,0.5
7,7.2,14:19,Wednesday,0,72.5
3,9.9,17:14,Sunday,0,29.2
6,12.3,14:45,Friday,1,118.6
4,9.9,10:04,Thursday,0,45.6
2,5.9,08:25,Saturday,0,9.5
2,12.3,13:19,Thursday,0,38.6
4,9.8,12:57,Monday,0,63.8
3,14.0,17:22,Saturday,0,44.0
4,8.8,15:05,Monday,0,48.5
5,18.8,17:00,Thursday,0,95.3
4,13.5,15:33,Tuesday,0,75.5
4,12.6,14:36,Saturday,0,49.8
2,13.9,13:37,Friday,0,36.6
5,6.5,13:48,Sunday,0,35.5
5,10.5,13:04,Sunday,0,54.2
6,17.3,16:23,Tuesday,2,197.2
4,11.0,10:20,Tuesday,0,45.5
3,11.8,17:09,Tuesday,0,41.1
3,10.6,13:35,Tuesday,0,51.8
3,16.4,12:22,Sunday,0,55.6
6,11.3,10:06,Monday,1,102.6
5,8.2,10:45,Wednesday,0,54.0
8,19.7,13:50,Tuesday,0,204.5
5,7.9,09:31,Monday,0,59.7
7,11.7,08:01,Saturday,0,84.2
5,9.5,10:35,Thursday,1,59.8
6,9.9,11:02,Sunday,0,59.2
4,8.8,17:24,Friday,0,42.4
2,10.4,13:49,Thursday,1,40.8
1,15.0,12:03,Tuesday,0,20.4
6,6.3,17:49,Friday,2,60.8
6,15.8,11:40,Saturday,1,122.1
4,15.3,17:34,Monday,0,69.1
5,13.5,17:24,Tuesday,0,72.4
5,12.4,14:53,Wednesday,0,72.2
2,12.8,13:15,Monday,1,55.8
2,16.3,16:13,Monday,0,41.5
2,6.8,11:14,Tuesday,0,20.5
4,14.2,11:40,Wednesday,0,61.4
3,9.8,10:04,Thursday,2,43.7
9,14.5,10:33,Saturday,0,169.0
6,10.2,09:21,Saturday,0,50.6
3,14.1,16:30,Wednesday,1,72.9
3,7.4,08:00,Thursday,0,25.5
4,6.9,12:14,Monday,0,36.3
2,11.7,11:38,Saturday,1,35.7
2,16.3,11:52,Tuesday,1,61.3
5,13.6,16:26,Monday,0,92.0
5,13.6,16:12,Friday,0,73.6
3,14.6,14:38,Wednesday,1,69.3
4,10.8,14:53,Wednesday,1,64.8
5,13.8,16:02,Thursday,1,109.1
4,10.3,11:51,Friday,0,50.6
2,11.1,12:30,Saturday,0,20.2
5,11.4,10:26,Friday,1,78.9
4,10.4,10:22,Friday,0,53.2
5,11.8,17:20,Saturday,0,38.9
4,11.2,15:36,Saturday,1,66.0
4,9.9,12:31,Tuesday,0,51.8
8,11.6,08:23,Wednesday,0,105.8
10,12.5,15:25,Thursday,0,151.2
7,8.7,17:29,Sunday,0,46.6
3,13.3,17:16,Friday,1,52.1
2,10.5,15:08,Saturday,0,19.1
1,12.6,14:28,Saturday,0,8.6
1,10.0,09:12,Sunday,0,9.9
4,15.2,08:51,Thursday,2,97.4
3,14.9,10:39,Tuesday,1,60.3
2,8.9,13:38,Wednesday,2,40.8
4,13.6,17:07,Monday,1,92.3
8,16.3,16:42,Friday,0,178.6
5,9.2,11:03,Friday,1,58.8
5,9.4,11:39,Tuesday,0,75.7
2,14.2,11:06,Thursday,0,30.1
3,8.1,13:18,Saturday,0,19.5
1,9.7,16:05,Saturday,0,14.7
5,9.0,15:49,Saturday,2,52.0
5,14.2,16:51,Monday,0,107.1
5,9.9,13:13,Wednesday,1,68.4
3,11.1,14:34,Friday,0,41.3
1,9.8,17:32,Monday,0,8.2
4,15.4,14:45,Tuesday,0,90.4
4,9.4,09:40,Sunday,0,40.7
3,7.8,11:16,Thursday,0,26.0
4,7.7,08:45,Friday,1,43.5
5,14.1,09:06,Tuesday,1,106.6
3,14.3,12:55,Friday,0,53.3
3,15.7,15:23,Sunday,0,54.3
4,8.2,09:53,Sunday,1,37.0
2,11.3,11:12,Tuesday,0,26.9
6,19.3,11:21,Tuesday,2,160.3
3,11.1,16:24,Friday,0,33.1
3,10.3,09:50,Sunday,0,31.0
4,11.9,08:20,Monday,0,60.7
2,13.6,14:14,Tuesday,0,38.4
8,13.5,13:16,Tuesday,0,132.9
6,10.2,08:01,Saturday,2,53.4
3,10.2,15:38,Thursday,1,44.9
4,11.1,12:14,Saturday,0,60.5
7,9.8,13:28,Monday,0,88.5
4,8.3,14:42,Monday,0,46.1
5,17.4,08:30,Thursday,0,62.7
0,10.8,09:43,Wednesday,1,10.7
7,10.9,12:37,Tuesday,0,95.7
2,11.0,09:43,Tuesday,0,27.5
1,11.8,09:09,Saturday,0,10.1
3,13.3,11:14,Monday,0,46.5
10,10.6,12:15,Sunday,0,94.9
8,15.4,16:29,Tuesday,0,142.1
3,13.8,13:56,Saturday,1,49.8
6,11.4,17:17,Friday,0,69.7
2,10.0,12:34,Monday,1,47.6
5,15.3,12:43,Saturday,0,73.8
8,11.5,11:06,Thursday,0,117.1
6,8.3,08:48,Wednesday,0,53.0
4,15.1,09:43,Monday,2,101.6
3,9.8,08:40,Monday,0,35.4
3,14.6,15:02,Wednesday,0,54.4
6,5.0,11:29,Wednesday,0,44.4
2,10.9,08:18,Saturday,0,17.4
2,15.5,15:31,Thursday,1,54.0
1,12.0,10:32,Monday,2,53.8
0,13.8,16:56,Sunday,2,29.6
2,9.3,16:13,Tuesday,0,20.3
6,13.0,11:02,Friday,0,96.9
8,12.0,10:21,Saturday,0,111.6
2,12.7,17:55,Friday,0,30.4
4,18.1,16:11,Wednesday,3,164.5
7,15.9,17:15,Monday,0,159.3
3,14.4,08:10,Tuesday,0,52.0
7,14.4,13:58,Thursday,0,127.0
6,9.3,10:39,Sunday,0,47.1
6,10.6,11:44,Monday,2,116.6
4,7.4,08:54,Tuesday,0,33.4
6,8.2,15:29,Wednesday,0,66.7
4,9.3,13:15,Saturday,0,40.7
3,11.9,15:55,Sunday,0,34.0
5,8.3,09:09,Tuesday,1,50.8
4,11.9,17:58,Friday,0,61.7
4,11.5,11:29,Sunday,1,49.7
4,8.6,17:30,Sunday,0,28.3
4,16.6,14:45,Saturday,1,101.5
1,8.0,09:05,Saturday,0,10.2
0,15.4,15:49,Tuesday,0,0.0
5,5.2,13:36,Wednesday,0,28.4
6,11.6,09:53,Sunday,0,61.5
3,8.4,09:52,Friday,0,28.1
4,10.0,17:31,Monday,0,41.0
2,17.4,17:59,Monday,0,38.7
3,11.0,13:45,Sunday,0,19.1
3,8.7,09:52,Monday,0,37.9
4,13.5,11:24,Friday,0,75.6
1,10.9,10:07,Wednesday,0,16.9
5,12.5,14:04,Tuesday,1,100.8
1,9.3,12:00,Monday,0,11.8
2,9.4,11:46,Thursday,0,26.2
1,9.6,16:00,Saturday,0,7.3
1,14.4,17:38,Monday,0,13.8
5,11.3,09:58,Friday,0,67.1
3,8.9,12:08,Friday,0,36.2
8,12.5,13:21,Saturday,0,93.8
3,12.2,10:27,Friday,0,39.5
3,13.7,12:01,Monday,0,56.0
4,10.6,08:33,Wednesday,0,48.4
5,11.8,08:24,Sunday,0,49.4
7,13.3,15:51,Saturday,0,128.2
3,9.0,11:23,Wednesday,0,32.2
3,14.7,15:04,Sunday,1,62.7
7,12.0,08:49,Monday,0,87.9
6,8.7,14:42,Thursday,0,67.9
5,8.7,14:32,Saturday,0,41.9
2,11.7,16:12,Friday,0,28.0
9,10.3,10:02,Tuesday,1,151.6
4,14.3,13:30,Tuesday,0,71.5
2,11.1,17:00,Saturday,1,24.8
9,12.9,10:11,Sunday,0,87.9
4,9.5,09:14,Saturday,1,46.0
4,11.9,11:26,Sunday,0,47.4
2,15.9,17:39,Sunday,1,41.7
5,11.6,09:34,Sunday,1,49.3
5,10.3,09:11,Saturday,0,64.6
1,9.4,17:58,Saturday,0,12.9
6,11.9,11:55,Saturday,1,89.4
3,16.2,09:29,Wednesday,0,43.7
7,7.9,13:35,Thursday,0,82.1
1,11.9,08:08,Tuesday,0,16.7
7,6.9,12:15,Thursday,0,60.4
0,10.8,08:21,Thursday,1,15.2
3,12.8,13:39,Monday,0,52.0
3,7.3,14:14,Monday,0,27.6
8,10.7,08:02,Sunday,0,74.6
1,12.9,13:07,Thursday,0,11.4
3,12.4,17:26,Monday,0,40.1
5,13.0,11:58,Wednesday,1,102.9
4,9.1,17:32,Sunday,0,32.7
1,12.9,17:38,Saturday,0,7.6
1,10.2,10:24,Saturday,0,8.9
3,14.1,13:46,Friday,1,62.4
5,5.1,16:18,Friday,0,28.4
3,11.1,15:05,Tuesday,1,51.9
5,12.3,15:36,Saturday,0,70.4
4,16.0,10:36,Saturday,0,63.0
2,12.3,17:10,Tuesday,1,40.9
1,12.6,10:21,Wednesday,0,13.5
3,13.1,14:26,Saturday,1,41.0
7,15.8,16:50,Tuesday,0,126.9
2,10.9,11:35,Friday,0,29.5
3,7.8,13:31,Wednesday,0,29.9
3,7.2,14:54,Wednesday,0,28.3
9,14.0,17:17,Tuesday,0,158.2
1,12.7,12:28,Saturday,0,20.0
8,11.2,14:01,Wednesday,0,95.8
2,10.2,09:25,Thursday,0,23.7
2,12.5,08:39,Tuesday,1,44.9
3,12.6,08:12,Tuesday,0,40.8
8,13.4,12:45,Monday,0,144.3
2,8.7,13:27,Sunday,2,37.2
3,6.7,08:51,Wednesday,2,38.8
6,9.3,09:48,Friday,0,57.8
3,7.9,10:39,Thursday,0,21.8
6,7.8,16:54,Wednesday,0,48.3
5,16.7,08:59,Saturday,1,83.8
4,5.2,12:53,Sunday,0,22.7
8,13.4,15:53,Tuesday,0,115.5
4,14.7,16:42,Monday,0,74.1
2,15.0,14:55,Wednesday,0,28.3
3,12.8,10:39,Monday,0,43.5
7,16.0,09:12,Monday,0,130.1
7,17.4,09:34,Saturday,0,112.1
5,11.1,15:42,Monday,0,67.6
3,13.3,10:57,Monday,0,56.0
2,15.8,11:22,Wednesday,0,30.4
5,9.4,09:45,Thursday,1,62.5
5,11.3,12:20,Thursday,0,68.4
4,10.1,11:20,Saturday,2,49.5
4,13.4,11:34,Saturday,0,57.5
6,6.3,08:20,Monday,1,40.2
6,16.3,12:37,Saturday,1,109.4
7,13.6,09:07,Monday,2,170.5
1,13.8,13:21,Sunday,1,18.3
5,5.0,14:41,Wednesday,0,32.8
9,8.9,13:27,Sunday,0,65.8
2,16.5,09:27,Sunday,0,26.7
1,11.5,14:09,Monday,0,20.5
5,6.8,12:07,Wednesday,0,39.1
3,12.7,11:35,Monday,0,62.7
1,14.0,09:29,Sunday,0,11.7
3,13.6,17:56,Thursday,1,57.2
1,11.5,11:55,Saturday,0,14.6
7,15.4,12:33,Friday,1,171.5
1,9.9,08:56,Saturday,0,9.7
2,13.6,14:45,Friday,1,49.1
4,12.4,10:49,Monday,0,56.5
7,11.6,15:24,Thursday,1,88.7
2,10.9,08:40,Friday,0,29.1
3,11.0,10:58,Sunday,0,39.9
8,12.1,15:27,Saturday,0,98.8
1,11.1,11:57,Thursday,0,8.4
9,14.2,08:20,Saturday,1,113.3
5,10.4,15:53,Sunday,0,41.7
4,16.7,17:39,Sunday,0,51.9
4,10.3,11:45,Sunday,0,34.9
4,14.8,14:12,Wednesday,0,77.2
6,14.9,11:43,Thursday,2,150.8
5,12.5,13:32,Monday,0,104.3
4,12.2,15:23,Monday,1,79.6
2,9.8,14:19,Saturday,0,21.1
7,10.4,11:08,Wednesday,0,96.4
2,12.7,09:57,Thursday,0,33.0
4,11.9,13:26,Wednesday,1,63.0
2,15.5,14:35,Sunday,0,32.2
4,10.6,13:44,Sunday,0,43.2
5,10.8,09:16,Saturday,1,64.5
5,7.0,11:33,Sunday,1,41.5
1,13.9,15:26,Thursday,1,40.0
3,13.7,09:28,Tuesday,1,57.2
7,14.9,16:50,Friday,1,122.3
4,15.1,12:39,Monday,0,79.3
4,14.4,15:54,Wednesday,0,63.9
3,14.5,11:24,Saturday,1,62.5
2,13.8,11:35,Tuesday,0,33.7
1,14.3,17:40,Thursday,1,35.0
1,6.5,13:40,Saturday,0,6.8
3,8.7,09:01,Saturday,0,24.1
5,8.2,17:34,Friday,1,45.9
5,15.8,11:44,Wednesday,0,118.8
6,9.7,15:06,Tuesday,2,96.4
4,10.1,09:17,Tuesday,0,57.4
3,12.0,16:33,Saturday,0,31.1
6,8.3,17:35,Tuesday,0,62.3
6,13.1,11:49,Friday,0,95.3
3,5.6,09:26,Monday,1,35.1
5,8.5,13:34,Wednesday,0,59.8
4,12.6,09:37,Wednesday,0,63.5
6,8.3,12:25,Saturday,1,55.0
3,15.9,14:13,Monday,0,81.1
4,12.1,09:23,Thursday,0,69.3
5,15.4,17:28,Thursday,1,94.7
3,13.1,15:03,Wednesday,0,47.9
5,12.0,11:36,Saturday,1,84.7
4,9.0,12:09,Sunday,0,25.1
6,14.8,16:28,Monday,0,130.3
5,13.3,12:45,Sunday,0,76.8
0,18.3,17:52,Sunday,0,0.0
0,14.5,08:37,Saturday,0,0.0
7,10.8,10:42,Monday,0,107.1
5,12.9,13:11,Wednesday,1,83.3
4,13.3,09:21,Friday,0,49.7
7,15.5,11:33,Tuesday,0,145.2
5,16.0,13:11,Tuesday,0,120.5
1,11.5,10:36,Thursday,1,26.5
4,8.4,09:38,Saturday,0,38.1
2,6.4,10:41,Tuesday,0,18.0
2,8.6,08:49,Monday,0,17.5
6,10.2,09:57,Sunday,0,51.3
2,16.5,08:36,Wednesday,0,41.2
3,16.6,17:31,Monday,1,76.7
5,14.9,09:36,Sunday,0,76.5
7,15.7,08:00,Tuesday,0,115.8
6,9.9,17:34,Monday,1,93.2
6,7.5,15:35,Friday,0,57.9
2,9.0,10:40,Saturday,1,26.1
3,5.9,16:47,Monday,0,24.7
4,8.7,16:42,Saturday,0,21.6
7,10.5,15:24,Wednesday,0,74.7
6,12.5,13:55,Wednesday,0,87.7
2,12.4,13:50,Friday,0,36.7
6,9.9,17:41,Monday,0,60.6
9,13.7,12:39,Tuesday,0,161.1
3,10.0,16:05,Saturday,0,30.7
5,12.0,09:07,Sunday,2,77.8
2,8.7,15:00,Sunday,0,16.3
2,15.3,17:53,Saturday,1,37.2
4,12.1,08:05,Monday,0,57.4
2,14.0,10:34,Wednesday,0,37.2
2,8.4,15:50,Saturday,0,14.4
3,12.5,15:20,Friday,0,34.6
4,13.7,15:20,Saturday,1,73.8
4,5.9,17:49,Wednesday,0,30.4
2,15.5,08:57,Friday,1,46.4
1,8.3,14:45,Saturday,0,12.6
6,12.6,14:24,Saturday,1,98.9
3,17.4,10:03,Saturday,0,42.1
5,14.9,10:07,Monday,0,91.1
2,7.5,14:30,Tuesday,0,17.1
0,11.5,14:32,Thursday,0,0.5
1,15.7,14:00,Friday,1,39.9
7,9.5,12:37,Sunday,0,77.8
7,10.9,14:52,Wednesday,1,116.5
3,10.8,11:13,Saturday,1,34.5
3,13.7,10:21,Friday,0,41.8
1,7.4,13:57,Tuesday,0,11.4
1,13.9,14:10,Tuesday,0,16.4
5,10.1,16:07,Friday,1,71.5
2,12.0,12:09,Wednesday,1,47.5
6,11.3,15:38,Tuesday,0,92.2
3,13.8,17:10,Tuesday,1,53.2
2,11.9,12:15,Tuesday,0,23.2
2,16.3,13:25,Monday,0,46.3
4,15.0,17:06,Tuesday,0,61.4
2,9.6,11:00,Sunday,0,18.7
6,16.1,15:13,Tuesday,0,119.4
4,13.0,13:46,Wednesday,0,56.8
6,12.5,12:08,Thursday,1,136.0
4,14.5,16:38,Friday,0,68.5
4,8.9,09:34,Wednesday,2,55.6
4,7.9,08:21,Saturday,0,29.2
3,12.1,10:04,Saturday,0,38.5
6,10.2,16:45,Thursday,0,62.2
7,18.2,11:26,Sunday,0,168.7
5,9.7,14:50,Wednesday,0,47.5
3,12.1,10:18,Thursday,0,34.5
4,12.6,12:54,Friday,0,53.9
6,15.7,13:13,Tuesday,0,123.6
3,9.0,10:27,Monday,0,38.4
4,7.2,11:52,Sunday,0,26.8
3,16.2,10:37,Monday,0,69.4
4,12.2,09:00,Monday,2,98.2
4,14.4,12:18,Monday,1,99.3
3,14.6,13:38,Thursday,0,57.2
1,15.1,08:54,Tuesday,0,16.8
2,10.9,11:34,Tuesday,1,39.9
5,10.1,12:37,Sunday,0,46.4
4,6.0,17:19,Sunday,1,27.2
4,9.0,14:06,Sunday,0,42.2
6,12.2,17:25,Wednesday,1,77.1
3,9.9,13:14,Monday,1,54.0
4,8.6,16:01,Sunday,0,32.4
5,12.2,08:57,Thursday,0,82.9
6,16.0,13:38,Sunday,0,102.0
3,11.8,11:31,Tuesday,0,41.2
4,8.6,15:17,Sunday,0,27.9
2,15.8,16:46,Wednesday,0,39.9
7,9.7,15:07,Saturday,0,65.6
5,16.4,08:52,Monday,0,88.6
4,11.2,14:12,Saturday,0,53.7
5,12.3,15:26,Thursday,0,75.4
2,16.7,08:17,Sunday,0,22.7
4,7.9,09:41,Tuesday,0,31.5
5,8.8,14:48,Tuesday,1,50.1
6,11.0,11:08,Friday,1,90.5
5,11.6,08:37,Saturday,0,56.1
3,19.9,16:53,Sunday,0,61.6
2,9.3,17:31,Monday,0,24.5
5,8.1,11:44,Monday,1,59.1
3,9.2,17:55,Wednesday,0,28.2
10,12.7,16:33,Monday,0,191.2
3,13.5,13:33,Wednesday,0,47.3
3,9.9,15:28,Thursday,0,38.3
7,12.1,17:21,Sunday,0,81.6
2,17.8,15:16,Monday,0,52.8
2,12.1,11:22,Wednesday,0,31.0
8,13.0,09:55,Wednesday,0,130.8
5,17.7,12:19,Thursday,0,90.2
1,9.9,09:52,Wednesday,0,15.9
1,9.7,08:12,Friday,0,5.5
4,10.6,12:33,Saturday,0,46.9
5,10.4,11:17,Friday,0,65.9
3,6.5,08:57,Friday,0,20.8
5,12.4,16:42,Monday,0,70.6
5,12.7,09:13,Sunday,0,61.6
3,11.4,14:18,Thursday,0,46.3
1,12.7,13:41,Tuesday,0,16.3
4,12.8,17:47,Friday,0,55.2
2,8.1,10:32,Thursday,0,22.8
6,12.9,10:21,Sunday,0,67.3
4,13.7,14:16,Friday,0,70.2
1,7.2,13:34,Sunday,0,6.6
3,16.4,16:07,Sunday,0,63.3
3,8.3,09:43,Tuesday,0,26.6
0,8.6,11:00,Wednesday,0,2.5
3,12.6,08:03,Tuesday,1,43.5
9,13.6,15:12,Tuesday,0,135.4
2,14.3,11:15,Friday,0,35.1
6,13.7,10:21,Sunday,1,87.8
5,10.4,14:02,Thursday,0,62.3
3,12.3,10:31,Saturday,0,36.5
4,11.0,08:34,Saturday,0,36.2
1,12.5,10:21,Tuesday,1,35.6
5,12.2,16:29,Saturday,2,69.0
1,10.5,13:57,Thursday,1,28.3
7,11.0,12:42,Monday,0,118.0
5,6.4,12:54,Saturday,0,29.6
3,14.5,17:58,Sunday,0,34.6
0,12.9,08:18,Tuesday,0,0.0
4,5.1,09:36,Tuesday,0,29.3
1,14.4,16:39,Saturday,0,12.6
2,11.8,13:20,Sunday,0,36.5
4,9.2,17:57,Tuesday,0,45.3
4,8.9,14:50,Thursday,0,44.9
3,9.9,15:14,Friday,0,41.2
5,9.2,13:47,Saturday,0,36.7
2,9.6,08:10,Monday,0,27.1
3,17.1,17:04,Tuesday,2,81.7
7,13.1,13:13,Sunday,0,103.7
7,18.1,08:05,Thursday,0,123.8
2,12.7,10:05,Saturday,0,21.9
5,13.7,11:30,Monday,0,114.7
5,9.4,10:51,Monday,1,76.3
4,11.5,08:16,Saturday,0,31.4
1,11.8,10:48,Wednesday,0,16.9
5,13.9,16:57,Sunday,1,58.3
8,11.9,13:53,Thursday,0,136.9
2,13.1,11:16,Saturday,0,26.8
0,12.9,08:52,Thursday,1,10.4
1,11.1,15:30,Friday,0,16.2
5,10.8,15:11,Friday,0,71.7
8,10.0,08:01,Monday,1,81.3
3,15.2,17:56,Saturday,0,41.0
0,11.1,10:39,Sunday,0,0.9
8,13.0,10:37,Wednesday,0,126.6
5,11.5,11:00,Wednesday,0,67.6
5,15.2,17:37,Friday,0,94.3
4,6.0,16:24,Friday,0,30.7
1,12.9,14:22,Wednesday,0,15.9
0,8.2,12:56,Tuesday,0,0.0
2,13.2,11:16,Sunday,0,26.1
5,11.6,11:21,Saturday,0,54.5
2,7.6,11:15,Friday,0,16.2
1,13.0,16:37,Wednesday,1,24.8
3,12.7,14:48,Wednesday,0,45.4
3,11.3,12:04,Wednesday,0,37.6
3,11.7,17:56,Friday,0,38.4
5,12.5,09:46,Monday,0,94.3
6,15.5,08:46,Friday,1,121.4
5,11.1,11:40,Friday,0,72.4
8,15.0,17:49,Tuesday,0,130.9
3,11.9,08:14,Tuesday,0,47.1
1,15.9,08:48,Tuesday,0,23.2
2,11.3,11:24,Sunday,0,20.4
4,10.0,17:52,Sunday,0,38.5
5,8.7,11:26,Saturday,0,58.7
3,11.9,14:46,Friday,0,39.1
3,9.6,16:38,Sunday,1,40.1
1,16.2,14:42,Saturday,1,25.0
4,9.4,08:53,Wednesday,0,41.4
7,9.9,09:29,Wednesday,0,76.8
2,13.7,10:35,Friday,1,40.6
4,15.6,15:57,Wednesday,0,82.0
6,14.2,16:01,Thursday,0,99.9
2,15.2,09:42,Sunday,1,35.1
5,11.8,11:47,Sunday,1,72.9
5,11.8,09:23,Friday,0,77.5
6,18.0,12:43,Wednesday,1,124.2
3,17.1,11:38,Thursday,0,38.6
4,14.1,17:55,Wednesday,0,59.9
5,15.3,11:53,Wednesday,1,102.8
4,14.6,08:30,Wednesday,0,74.7
5,8.4,13:12,Thursday,0,50.0
1,11.9,17:04,Thursday,0,14.0
2,16.5,11:41,Friday,0,41.6
6,14.2,16:11,Sunday,0,57.9
4,11.8,12:10,Thursday,0,58.8
3,16.5,13:41,Tuesday,0,54.9
5,13.1,13:01,Tuesday,0,72.5
4,14.3,16:44,Friday,1,71.8
5,13.1,13:40,Sunday,0,53.6
5,13.6,11:47,Wednesday,1,98.0
2,13.8,15:40,Monday,1,53.3
1,15.9,08:30,Monday,0,20.6
3,16.3,10:43,Tuesday,0,49.4
2,10.6,10:51,Sunday,1,29.3
6,13.1,13:41,Saturday,0,77.2
1,15.8,16:20,Saturday,0,15.9
1,11.6,13:32,Wednesday,1,29.8
4,8.1,12:34,Sunday,0,33.0
2,9.3,08:39,Wednesday,0,17.2
5,9.5,17:42,Wednesday,0,51.1
2,10.6,10:57,Sunday,0,18.7
1,9.8,09:17,Saturday,1,22.5
2,15.1,16:19,Wednesday,0,34.8
6,11.2,16:54,Friday,3,118.1
3,15.8,10:59,Wednesday,1,63.6
2,8.6,13:29,Friday,1,31.5
2,10.9,15:50,Monday,0,30.0
2,12.3,08:13,Monday,0,30.0
3,14.4,17:52,Sunday,0,36.4
5,15.4,11:14,Monday,1,104.5
1,10.4,12:47,Wednesday,0,10.5
2,15.0,08:30,Tuesday,1,49.2
3,7.0,08:28,Monday,0,29.7
5,14.6,09:06,Saturday,0,48.1
6,8.0,11:12,Tuesday,0,53.3
5,13.3,17:12,Saturday,0,43.0
7,15.4,13:09,Thursday,0,139.9
4,14.7,11:15,Friday,1,106.3
4,7.1,12:30,Friday,0,38.6
6,10.7,10:39,Tuesday,0,85.0
1,14.2,14:14,Thursday,0,14.3
4,14.1,13:04,Saturday,1,78.6
8,12.8,11:47,Tuesday,1,135.8
4,5.4,14:51,Monday,0,30.1
4,15.6,11:55,Wednesday,0,81.7
9,16.1,16:03,Sunday,0,127.0
5,12.5,13:59,Wednesday,0,84.9
2,12.7,10:01,Wednesday,0,28.6
2,13.5,09:37,Monday,0,36.3
2,16.4,10:33,Saturday,2,84.3
1,12.8,17:10,Wednesday,2,44.7
5,11.4,16:14,Tuesday,0,62.0
3,13.1,17:43,Monday,0,45.8
7,12.0,15:26,Wednesday,1,125.4
5,12.0,17:08,Tuesday,1,94.1
2,6.7,11:33,Thursday,0,16.3
6,13.6,14:11,Wednesday,1,95.1
7,15.5,11:54,Thursday,1,135.5
4,15.1,16:38,Wednesday,0,69.1
4,14.9,17:58,Monday,0,77.8
2,11.8,15:27,Saturday,0,27.3
6,12.4,15:48,Thursday,0,63.9
5,15.6,16:48,Tuesday,0,101.1
4,14.6,08:57,Monday,0,86.4
4,16.5,12:49,Sunday,0,42.2
5,10.0,15:19,Sunday,0,47.3
3,10.0,14:03,Tuesday,0,42.2
3,11.0,13:24,Wednesday,0,34.2
3,9.2,11:51,Friday,1,44.7
4,8.0,10:12,Thursday,0,40.0
3,13.4,17:13,Saturday,0,34.2
1,13.2,15:20,Friday,1,31.4
1,12.7,14:08,Tuesday,0,17.2
5,13.1,08:51,Saturday,2,69.1
1,7.6,09:07,Sunday,0,3.5
5,10.6,12:19,Monday,0,79.2
5,11.1,09:15,Saturday,0,60.6
3,12.1,09:29,Friday,0,45.3
4,7.6,08:48,Sunday,0,32.9
6,9.2,10:56,Sunday,0,56.5
5,10.7,08:06,Monday,0,80.4
4,15.2,15:19,Thursday,0,72.5
2,12.8,13:59,Monday,0,37.3
0,15.1,13:04,Monday,0,1.2
2,11.6,17:52,Sunday,1,26.5
3,12.0,12:49,Tuesday,0,43.1
2,13.5,16:41,Monday,1,46.5
4,11.5,09:53,Sunday,1,47.8
2,10.1,10:38,Wednesday,1,45.4
1,7.5,11:17,Monday,0,16.0
3,10.2,17:54,Tuesday,0,32.8
2,14.5,17:04,Monday,1,52.3
7,15.8,12:29,Friday,0,109.0
4,9.7,16:26,Sunday,1,36.5
5,6.8,10:19,Wednesday,0,35.6
4,14.8,13:55,Sunday,1,68.3
5,12.2,09:37,Wednesday,0,63.9
4,8.0,13:45,Thursday,0,40.6
2,5.0,10:13,Tuesday,0,14.5
7,9.1,13:51,Monday,0,84.0
4,10.6,12:17,Tuesday,1,80.7
5,8.5,13:35,Friday,0,58.1
2,14.1,09:36,Monday,2,80.8
4,9.6,13:03,Saturday,1,47.6
2,12.0,11:09,Sunday,0,25.2
5,19.1,09:26,Wednesday,1,136.7
2,12.4,13:00,Tuesday,0,37.9
2,11.7,09:23,Tuesday,1,44.6
4,11.7,12:16,Wednesday,0,64.3
4,14.0,11:13,Sunday,0,49.8
1,13.6,13:25,Wednesday,0,20.6
5,9.0,12:50,Saturday,0,39.1
4,10.8,09:20,Wednesday,0,44.5
2,10.0,10:47,Thursday,0,24.7
6,11.2,13:34,Thursday,0,71.8
5,17.5,16:20,Sunday,0,67.2
1,13.9,08:35,Thursday,0,12.3
7,11.8,08:54,Friday,0,99.6
4,15.7,15:58,Saturday,0,60.2
7,12.6,11:23,Sunday,0,98.3
3,7.1,10:34,Sunday,1,34.8
4,17.0,10:17,Monday,0,93.9
2,11.5,17:42,Monday,1,40.0
5,5.2,13:06,Thursday,0,34.1
3,7.2,09:36,Wednesday,0,21.6
1,15.4,12:03,Friday,0,19.8
7,7.2,10:36,Thursday,0,78.7
4,16.0,09:41,Wednesday,0,71.0
4,12.2,17:47,Monday,1,78.1
3,14.1,12:27,Wednesday,0,51.8
3,11.2,14:54,Thursday,0,38.5
5,13.6,16:59,Friday,2,116.9
4,12.9,10:03,Tuesday,0,52.9
6,11.9,09:16,Friday,0,81.8
6,8.8,10:36,Friday,2,73.0
7,13.1,15:07,Tuesday,0,136.0
2,6.5,11:49,Sunday,1,22.3
4,14.8,12:53,Thursday,0,67.1
3,12.6,08:12,Tuesday,0,31.9
2,13.4,08:02,Friday,0,31.9
2,5.0,12:04,Tuesday,0,12.9
4,8.6,09:30,Friday,1,65.5
2,10.5,15:54,Friday,1,44.8
2,14.0,17:30,Thursday,0,33.0
4,9.2,17:15,Tuesday,0,39.1
3,19.6,12:39,Tuesday,0,74.9
3,11.2,10:52,Tuesday,0,43.7
4,9.0,12:50,Monday,0,53.4
7,11.4,09:02,Sunday,1,71.2
7,9.1,17:26,Saturday,0,45.9
5,8.4,14:42,Thursday,0,63.4
1,15.0,10:51,Saturday,1,30.7
4,13.5,15:35,Friday,0,70.1
2,13.5,10:27,Friday,1,44.9
10,15.8,15:30,Saturday,0,190.7
7,13.5,12:01,Thursday,0,131.2
1,8.8,16:38,Thursday,0,10.0
2,14.1,17:53,Monday,0,35.5
5,8.6,11:12,Friday,0,56.6
8,10.6,13:30,Thursday,0,106.6
3,11.9,10:22,Tuesday,0,46.7
5,11.6,16:00,Thursday,0,69.8
5,6.6,12:55,Saturday,1,41.2
6,9.1,17:50,Thursday,1,56.9
8,11.9,16:52,Thursday,0,105.5
6,10.2,10:43,Tuesday,0,82.9
6,15.4,09:11,Saturday,0,96.5
7,15.9,14:11,Monday,0,179.4
4,8.6,11:10,Saturday,0,42.8
5,12.2,10:32,Sunday,0,63.8
3,16.7,13:27,Tuesday,0,67.2
2,11.6,13:22,Thursday,1,45.2
3,10.8,13:22,Friday,0,39.6
5,14.6,10:56,Sunday,3,125.7
2,11.2,09:33,Wednesday,0,29.7
4,15.8,09:50,Friday,0,85.8
3,10.2,15:12,Monday,0,44.5
4,10.6,12:40,Saturday,1,54.2
5,14.4,12:41,Saturday,0,72.4
1,12.3,17:46,Tuesday,1,27.1
2,12.3,17:10,Monday,0,28.3
8,6.3,08:38,Monday,0,64.8
3,10.9,15:58,Saturday,0,18.4
4,14.6,10:28,Friday,0,67.3
2,9.6,15:13,Wednesday,1,34.7
5,14.1,09:44,Thursday,1,128.1
3,12.8,09:27,Thursday,0,43.2
2,11.4,17:23,Monday,0,28.6
3,16.1,13:34,Thursday,0,54.0
5,11.0,11:29,Friday,1,101.4
4,11.2,16:54,Friday,0,46.6
5,11.4,10:53,Tuesday,0,88.7
6,12.2,08:38,Sunday,1,65.0
6,14.3,11:56,Monday,0,134.0
2,7.6,15:04,Sunday,0,14.4
2,14.6,14:37,Sunday,0,26.0
5,12.2,12:44,Saturday,0,74.0
3,13.7,13:06,Thursday,0,59.4
6,19.2,13:17,Tuesday,0,147.7
7,10.5,11:44,Wednesday,0,89.8
1,8.3,08:49,Thursday,0,7.9
4,12.6,09:34,Monday,0,67.1
3,13.1,15:14,Friday,0,42.5
3,14.6,16:06,Sunday,0,22.5
3,10.4,11:57,Saturday,1,32.0
8,9.5,11:17,Sunday,0,71.3
3,7.4,14:04,Thursday,0,23.8
2,7.9,08:13,Tuesday,0,17.4
5,10.8,13:41,Monday,0,72.7
4,11.7,12:41,Thursday,0,53.3
3,18.2,12:25,Monday,1,97.2
4,6.9,08:00,Friday,0,34.9
2,13.0,17:25,Saturday,1,37.3
2,9.8,09:44,Monday,0,30.4
2,12.7,09:07,Thursday,0,28.5
4,10.3,11:51,Thursday,0,39.1
3,15.1,15:47,Wednesday,0,45.6
4,15.1,15:38,Tuesday,0,75.1
2,11.7,13:07,Friday,2,62.9
2,16.3,13:29,Tuesday,1,59.8
4,14.3,12:33,Monday,1,93.9
5,16.2,08:15,Friday,0,83.6
8,11.9,10:46,Monday,0,127.9
3,14.9,11:53,Wednesday,0,54.6
4,9.7,13:32,Monday,1,61.5
4,9.4,14:35,Thursday,0,47.1
5,18.5,17:52,Tuesday,1,128.5
5,8.7,13:04,Tuesday,0,56.6
4,10.7,14:43,Wednesday,1,59.3
3,6.3,17:36,Thursday,0,22.4
3,9.5,10:47,Saturday,0,34.4
1,9.0,12:32,Sunday,0,7.7
4,10.0,15:12,Friday,0,46.2
5,12.9,13:39,Thursday,0,84.8
4,13.6,16:55,Friday,0,53.7
6,9.0,13:39,Thursday,0,56.7
6,9.6,17:13,Monday,0,67.0
2,15.3,09:29,Thursday,0,35.8
6,17.1,16:02,Saturday,0,86.8
8,15.8,10:07,Saturday,0,123.8
3,7.1,08:29,Monday,1,26.6
5,15.6,09:06,Friday,1,117.3
2,17.6,13:48,Monday,0,57.7
2,6.9,10:54,Monday,0,16.3
2,15.2,09:26,Monday,0,41.4
4,12.7,14:17,Monday,0,70.0
4,11.0,12:52,Monday,0,64.0
3,12.3,11:48,Friday,0,46.4
1,13.3,13:21,Sunday,1,25.4
2,15.5,16:36,Saturday,2,51.2
2,15.3,15:14,Saturday,0,25.9
1,7.5,12:57,Monday,0,14.0
